Supercharger AT-Biberwier, 47.372431,10.886093
Supercharger AT-Bregenz, 47.488583, 9.740172, 30
Supercharger AT-Flachau, 47.354581, 13.386174
Supercharger AT-Graz, 47.037208, 15.478644
Supercharger AT-Innsbruck, 47.264882, 11.428380
Supercharger AT-Kapfenberg, 47.450188, 15.317675
Supercharger AT-Kitzbühel, 47.459205, 12.386105
Supercharger AT-Langkampfen, 47.534597, 12.092972
Supercharger AT-Laßnitzhöhe, 47.070925, 15.578139
Supercharger AT-Lermoos, 47.394965, 10.887519
Supercharger AT-Lermoos, 47.395975, 10.887217
Supercharger AT-Liezen, 47.559370, 14.252606
Supercharger AT-Poysdorf, 48.676534, 16.623013
Supercharger AT-Salzburg, 47.727056, 13.060672
Supercharger AT-St. Anton, 47.131123, 10.271497
Supercharger AT-St. Georgen, 47.929088, 13.502168
Supercharger AT-St. Pölten, 48.205769, 15.618485
Supercharger AT-St. Valentin, 48.196507, 14.527879, 20
Supercharger AT-Vienna, 48.1574455, 16.3345536
Supercharger AT-Villach, 46.604193, 13.869091
Supercharger AT-Wiener Neustadt, 47.804724, 16.210564
Supercharger AU-Adelaide, -34.927592, 138.595240
Supercharger AU-Ballarat, -37.534601, 143.822503
Supercharger AU-Bathurst, -33.41901, 149.586756
Supercharger AU-Bendigo, -36.774539, 144.306478
Supercharger AU-Berry, -34.808254, 150.636711
Supercharger AU-Brisbane-Fortitude Valley, -27.451699, 153.040473
Supercharger AU-Broadway, -33.882995, 151.194332
Supercharger AU-Camberwell, -37.828482, 145.056346
Supercharger AU-Canberra, -35.294304, 149.190322
Supercharger AU-Central Coast, -33.310177, 151.420578
Supercharger AU-Clare Valley, -33.8485, 138.618157
Supercharger AU-Coffs Harbour, -30.281439, 153.131666
Supercharger AU-Cooma, -36.235522, 149.126794
Supercharger AU-Dubbo, -32.24995, 148.609182
Supercharger AU-Euroa, -36.752887, 145.573418
Supercharger AU-Gold Coast, -28.035361, 153.427306
Supercharger AU-Goulburn, -34.755597, 149.720984
Supercharger AU-Gundagai, -35.002106, 148.109934
Supercharger AU-Gympie, -26.188745, 152.661613
Supercharger AU-Heatherbrae, -32.787812, 151.727704
Supercharger AU-Heatherbrae, -32.787812, 151.727704
Supercharger AU-Hollydene, -32.447359, 150.83232
Supercharger AU-Horsham, -36.716125, 142.193301
Supercharger AU-Keith, -36.099082, 140.355645
Supercharger AU-Knockrow, -28.749539, 153.534722
Supercharger AU-Macquarie, -33.777782, 151.12275
Supercharger AU-Maroochydore, -26.654159, 153.087171
Supercharger AU-Melbourne-Richmond, -37.831997, 144.995807
Supercharger AU-Moonee Ponds, -37.765834, 144.923586
Supercharger AU-Narooma, -36.223136, 150.128346
Supercharger AU-Ovens, -36.587007, 146.759301
Supercharger AU-Port Macquarie NSW, -31.4361, 152.823582
Supercharger AU-Tamworth NSW, -31.101649,150.917126
Supercharger AU-Toowoomba, -27.578133, 151.947179
Supercharger AU-Warrnambool VIC, -38.385285,142.53364
Supercharger AU-Wodonga, -36.12386, 146.889963
Supercharger BE-Aalst, 50.92147, 4.03275
Supercharger BE-Antwerp, 51.268051, 4.4024, 70
Supercharger BE-Antwerp-Aartselaar, 51.13699, 4.37719
Supercharger BE-Arlon, 49.64796, 5.8188
Supercharger BE-Brugge, 51.16989, 3.19666
Supercharger BE-Edegem, 51.151055, 4.432582
Supercharger BE-Heusden-Zolder, 50.9934, 5.2422
Supercharger BE-Kortrijk, 50.80565, 3.27443
Supercharger BE-Lokeren, 51.09509, 4.01187
Supercharger BE-Machelen, 50.88772, 4.453
Supercharger-V3 BE-Namur, 50.486021, 4.797235
Supercharger BE-Nivelles-Sud, 50.5887, 4.30809
Supercharger BE-Remouchamps, 50.483878, 5.700335
Supercharger BE-Verviers, 50.59223, 5.84857
Supercharger BE-Wavre, 50.7080753,4.5983481
Supercharger BG-Plovdiv, 42.144727, 24.768828
Supercharger CA-Baie-Saint-Paul QC, 47.435844,-70.506266
Supercharger CA-Cornwall ON, 45.023651, -74.748071
Supercharger CA-Laval QC, 45.570329, -73.747584
Supercharger CA-Levis QC, 46.730448, -71.268418
Supercharger CA-Sainte Eulalie QC, 46.058345, -72.313283
Supercharger CA-Yamachiche QC, 46.262234, -72.876919
Supercharger-V3 CH-Affoltern, 47.271118, 8.439714, 20
Supercharger CH-Beckenried, 46.971073, 8.459073
Supercharger-V3 CH-Bulle, 46.625016, 7.037488
Supercharger CH-Bussigny, 46.556699, 6.561557
Supercharger CH-Dietikon, 47.418041, 8.396577
Supercharger CH-Dietlikon, 47.413095, 8.616785
Supercharger CH-Egerkingen, 47.327028, 7.805489
Supercharger CH-Flüelen, 46.912985, 8.622833
Supercharger CH-Kriegstetten, 47.175635, 7.59883
Supercharger CH-Lully, 46.8323911, 6.8590898
Supercharger CH-Maienfeld, 47.003965, 9.525809
Supercharger CH-Martigny, 46.126409, 7.061010
Supercharger CH-Melide, 45.95423, 8.95051
Supercharger CH-Monte Ceneri, 46.13924, 8.9070614
Supercharger-V3 CH-Obfelden, 47.271985, 8.437783, 20
Supercharger CH-Oftringen, 47.310793,7.935012
Supercharger CH-Pratteln, 47.524888, 7.680418
Supercharger CH-Quinto, 46.51521, 8.67063
Supercharger CH-Rubigen, 46.891773, 7.542738
Supercharger CH-Schaffhausen, 47.720985, 8.646664
Supercharger CH-St. Moritz, 46.496797, 9.84272
Supercharger CH-Steg-Hohtenn, 46.310364, 7.749565
Supercharger CZ-Brno, 49.138336, 16.630748
Supercharger CZ-Humpolec, 49.521746, 15.347476
Supercharger CZ-Olomouc, 49.560857, 17.262371
Supercharger CZ-Vestec, 49.9898398, 14.4907623
Supercharger DE-Achern, 48.6413, 8.03774
Supercharger DE-Aichstetten, 47.880376, 10.040434, 7
Supercharger DE-Aichstetten, 47.880299, 10.04052, 10
Supercharger DE-Bad Rappenau, 49.21198, 9.07726
Supercharger DE-Beelitz, 52.266803, 12.922467
Supercharger-V3 DE-Berlin - EUREF-Campus, 52.4808984, 13.3558539
Supercharger DE-Bernau am Chiemsee, 47.81445, 12.36792
Supercharger DE-Bersteland, 51.949066, 13.787906
Supercharger DE-Bispingen, 53.104326, 9.981842
Supercharger DE-Blankenfelde-Mahlow, 52.3089548, 13.444767
Supercharger DE-Braak, 53.6178758, 10.239352
Supercharger-V3 DE-Braak, 53.6178758, 10.239352
Supercharger DE-Busdorf, 54.477896, 9.544913								   
Supercharger DE-Brinkum, 53.028326, 8.808758
Supercharger DE-Bruchsal, 49.13837, 8.56242
Supercharger DE-Dettelbach, 49.7788313, 10.0686375
Supercharger DE-Ellwangen, 48.955835, 10.182623, 55
Supercharger-V3 DE-Ellwangen - Hotel Montana, 48.959163, 10.173781
Supercharger DE-Emsbüren, 52.359338, 7.26476
Supercharger DE-Erfstadt, 50.796478, 6.77994
Supercharger-V3 DE-Erlangen, 49.5440686, 11.02870
Supercharger-V3 DE-Erharting, 48.282664, 12.554758
Supercharger-V3 DE-Eschborn, 50.133770, 8.561050
Supercharger DE-Geiselwind, 49.769178, 10.470429, 15
Supercharger DE-Gensingen, 49.90202, 7.929759
Supercharger DE-Gramschatzer Wald, 49.91202, 10.00176
Supercharger DE-Gützkow, 53.943943, 13.396739
Supercharger DE-Hamburg, 53.460881, 9.940546
Supercharger DE-Hengersberg, 48.76555, 13.04668
Supercharger DE-Herboltzheim, 48.22704, 7.75368
Supercharger-V3 DE-Hermsdorf, 50.889889,11.871397, 30
Supercharger DE-Herzsprung, 53.067343, 12.533212
Supercharger DE-Hilden, 51.191193,6.936986, 30
Supercharger-V3 DE-Hilden, 51.19213, 6.935785, 10
Supercharger-V3 DE-Hilden, 51.192013, 6.935892, 10 
Supercharger-V3 DE-Hilden, 51.191944, 6.936024, 10
Supercharger-V3 DE-Hilden, 51.191835,6.936129, 10
Supercharger-V3 DE-Hilpoltstein, 49.161135, 11.2599, 12
Supercharger DE-Hilpoltstein, 49.161171, 11.260012, 12
Supercharger DE-Hilpoltstein, 49.161213, 11.260278, 10
Supercharger DE-Hilpoltstein, 49.161205, 11.260561, 18
Supercharger DE-Hirschberg, 49.50738, 8.63752
Supercharger DE-Hohenwarsleben, 52.174053, 11.494502, 15
Supercharger DE-Irschenberg, 47.82648, 11.89831
Supercharger DE-Jettingen, 48.41105, 10.4403
Supercharger DE-Kaiserslautern, 49.459907, 7.821410
Supercharger DE-Kamen, 51.5701781, 7.675317
Supercharger DE-Kappel-Grafenhausen, 48.281347, 7.77755
Supercharger-V3 DE-Knetzgau, 49.982399, 10.555616
Supercharger DE-Lauenau, 52.279023, 9.35083
Supercharger DE-Leonberg, 48.78523, 9.01755
Supercharger DE-Lohne, 52.65768, 8.16927
Supercharger DE-Lutterberg alt, 51.370977, 9.633306, 10
Supercharger DE-Lutterberg, 51.370193,9.633918, 20
Supercharger DE-Malsfeld, 51.0872578, 9.485137, 20
Supercharger DE-Moers, 51.441816, 6.611833
Supercharger DE-Mogendorf, 50.4827719, 7.750309
Supercharger DE-Motten, 50.355621, 9.75384
Supercharger DE-Mücke, 50.645442, 8.989816
Supercharger DE-Mühldorf, 48.27257, 12.54995
Supercharger DE-Münchberg-Nord, 50.202824,11.776593, 15
Supercharger DE-Nempitz, 51.290154,12.137387, 4
Supercharger DE-Nempitz, 51.290095,12.137335, 6
Supercharger DE-Nempitz, 51.290039,12.137335, 6
Supercharger DE-Neuberg, 50.18194, 9.0067
Supercharger DE-Nürburgring, 50.335528, 6.948887
Supercharger DE-Nossen, 51.08255, 13.27406
Supercharger DE-Oberhonnefeld, 50.56254, 7.52542
Supercharger-V3 DE-Oberhonnefeld, 50.562506, 7.525452
Supercharger DE-Pfaffenhofen, 48.518278, 11.562305
Supercharger-V3 DE-Pfaffenhofen, 48.518322, 11.562151
Supercharger DE-Pfalzfeld, 50.1154777, 7.597887
Supercharger DE-Rade, 53.369702, 9.802181
Supercharger DE-Rauenberg, 49.273932, 8.695302
Supercharger DE-Regensburg, 48.9947224, 12.150609
Supercharger DE-Rhüden, 51.947221, 10.140505, 23
Supercharger DE-Sangerhausen, 51.450551, 11.3044818
Supercharger DE-Satteldorf, 49.18119, 10.06933
Supercharger DE-Schweitenkirchen, 48.510765, 11.582025, 19
Supercharger DE-Sindelsdorf, 47.728372, 11.361923
Supercharger DE-Stuhr (Bremen-Brinkum), 53.0284305, 8.8061246
Supercharger DE-Sulz-Vöhringen, 48.34305, 8.66262
Supercharger DE-Süderholz, 54.093037, 13.085923
Supercharger DE-Uckerfelde, 53.23499, 13.98606
Supercharger DE-Ulm, 48.456714, 10.030097, 18
Supercharger DE-Waldlaubersheim, 49.9240135, 7.825654
Supercharger DE-Weimar, 50.9342158, 11.289809
Supercharger DE-Wernberg-Köblitz, 49.532249, 12.134949, 7
Supercharger-V3 DE-Wernberg-Köblitz, 49.53225, 12.1351, 7
Supercharger-V3 DE-Weibersbrunn, 49.9342848, 9.353982
Supercharger DE-Wertheim, 49.770559, 9.576456
Supercharger DE-Weyarn, 47.865307, 11.790695
Supercharger DE-Wiesbaden, 50.0598477, 8.3451326
Supercharger DE-Wilnsdorf, 50.8168944, 8.085813
Supercharger-V3 DE-Wismar, 53.879307, 11.454047
Supercharger DE-Wittenburg, 53.507361, 11.096852
Supercharger DE-Wittlich, 49.97003, 6.86175
Supercharger-V3 DE-Wörth an der Isar, 48.625626, 12.320216
Supercharger DE-Zella-Mehlis, 50.64387, 10.68488
Supercharger DK-Aarhus, 56.178223, 10.139406
Supercharger DK-Haverslev, 56.783428, 9.69082
Supercharger DK-Hedensted, 55.786395, 9.667926
Supercharger DK-Hjørring, 57.455791, 10.04227
Supercharger-V3 DK-Ikast, 56.122196, 9.172572
Supercharger DK-Køge, 55.489014, 12.163153
Supercharger DK-Middelfart, 55.511311, 9.765029
Supercharger DK-Nørre Alslev, 54.899872, 11.896921
Supercharger DK-Randers, 56.433685, 10.055412
Supercharger DK-Rødekro, 55.067331, 9.361081, 20
Supercharger DK-Rødekro, 55.068085, 9.360869, 20
Supercharger DK-Slagelse, 55.387922, 11.361762
Supercharger ES-Aguadulce, 37.256871, -4.986068
Supercharger ES-Albacete, 39.134675, -2.039013
Supercharger ES-Almaraz, 39.791255, -5.695668
Supercharger ES-Aranda de Duero, 41.623235, -3.687739
Supercharger ES-Ariza, 41.313192, -2.002201
Supercharger ES-Atalaya del Cañavate, 39.538687, -2.254555
Supercharger ES-Barcelona, 41.498135, 2.072674
Supercharger ES-Bembibre, 42.623488,-6.453124
Supercharger ES-Burgos, 42.312365, -3.704115
Supercharger ES-Caldes de Malavella, 41.859029, 2.767237
Supercharger ES-Cúllar, 37.5540305, -2.6139444
Supercharger ES-Fuengirola, 36.580783, -4.595893
Supercharger ES-Getafe, 40.290389, -3.696302
Supercharger ES-Girona, 41.998411, 2.817295
Supercharger ES-Granada, 37.181805, -3.928417
Supercharger ES-Guarromán, 38.143021, -3.722848
Supercharger ES-Jerez, 36.692378,-6.160246
Supercharger ES-La Seu d'Urgell, 42.358898, 1.462893
Supercharger ES-Lleida, 41.663959, 0.605371
Supercharger ES-L´Aldea, 40.753019, 0.606421
Supercharger ES-Madrid, 40.443856,-3.691665
Supercharger ES-Manzanares, 39.006855, -3.382999
Supercharger ES-Murcia, 38.038172, -1.149343
Supercharger ES-Mérida, 38.921746, -6.375133
Supercharger ES-Ponferrada, 42.623851, -6.451837
Supercharger ES-Reocín, 43.356526,-4.094394
Supercharger ES-Rivabellosa, 42.701171, -2.91951
Supercharger ES-Sant Cugat, 41.498096,2.072692
Supercharger ES-Sevilla, 37.391485,-6.009627
Supercharger ES-Tarragona, 41.134294, 1.1683
Supercharger ES-Tordesillas, 41.516125, -4.943023
Supercharger ES-Valencia, 39.542965, -0.451521
Supercharger ES-Zaragoza, 41.625707, -1.009618
Supercharger FI-Äänekoski, 62.516741, 25.6913
Supercharger FI-Akaa, 61.181106, 23.885075
Supercharger FI-Huittinen, 61.168436, 22.680099
Supercharger-V3 FI-Huittinen, 61.168436, 22.680099
Supercharger FI-Jalasjärvi, 62.417805, 22.792112
Supercharger FI-Koivisto, 62.516908, 25.691666
Supercharger FI-Kokkola, 63.829282, 23.148487
Supercharger FI-Paimio, 60.442961, 22.605621
Supercharger FI-Pyhtää, 60.489054, 26.554835
Supercharger FI-Pyhäjärvi, 63.716298, 25.920103
Supercharger FI-Vierumäki, 61.111599, 25.928814
Supercharger LI-Schaan, 47.165317, 9.507795
Supercharger FR-Aire de Cambarette, 43.423964, 5.99017
Supercharger FR-Aire de Châteauvillain - Orges, 48.057681, 4.96061
Supercharger FR-Aire de Châteauvillain - Val Marnay, 48.057341, 4.959604
Supercharger FR-Aire de la Baie de Somme, 50.167321, 1.755505
Supercharger FR-Aire de Manissieux, 45.69848, 4.977541
Supercharger FR-Aire du Poulet de Bresse, 46.496045, 5.310426
Supercharger FR-Aire de Saint-Priest, 45.698042, 4.975513
Supercharger FR-Aire de Vidauban Sud, 43.413832, 6.451177
Supercharger FR-Aire du Caylar, 43.8645878, 3.3132671
Supercharger FR-Aire d'Urvillers, 49.787019, 3.335626
Supercharger FR-Aire de Reims-Champagne-Sud, 49.120696, 4.242712
Supercharger FR-Aire de Reims-Champagne-Nord, 49.119348, 4.245689
Supercharger-V3 FR-Aire de la Vendée, 46.573233, -1.11793
Supercharger FR-Aix-en-Provence Val de l'Arc, 43.5119793, 5.466397
Supercharger FR-Aix-en-Provence, 43.5106478, 5.4564393
Supercharger FR-Albaret-Sainte-Marie,44.870977, 3.252918
Supercharger FR-Amiens, 49.863492, 2.27814
Supercharger-V3 FR-Angoulême, 45.69444, 0.178841
Supercharger FR-Appoigny, 47.85183, 3.542802
Supercharger FR-Archamps, 46.136917, 6.124306
Supercharger FR-Auxerre, 47.851819, 3.542894
Supercharger FR-Barberaz, 45.56085, 5.949646
Supercharger FR-Bayonne, 43.4938044, -1.4524967
Supercharger FR-Beaune, 47.017319, 4.83779
Supercharger FR-Bernin, 45.265676, 5.876448
Supercharger FR-Besançon, 47.234539, 5.901153
Supercharger FR-Bourges, 47.049393, 2.344843
Supercharger FR-Buchelay, 48.990144, 1.671559
Supercharger FR-Brive-la-Gaillarde, 45.16724, 1.483119
Supercharger FR-Bordeaux Merignac, 44.8342076, -0.6810947
Supercharger FR-Caen, 49.16398, -0.424802
Supercharger FR-Cagnes-sur-Mer, 43.666446, 7.127372
Supercharger FR-Châlons-en-Champagne, 48.991982, 4.245320
Supercharger FR-Chambéry, 45.592227, 5.899842
Supercharger FR-Chambéry Barberaz, 45.56085, 5.949646
Supercharger FR-Chapelle sur Erdre, 47.2827707, -1.5500076
Supercharger FR-Charleville-Mézières, 49.736834, 4.744095
Supercharger FR-Chasseneuil-du-Poitou, 46.650703, 0.374772
Supercharger FR-Chemaudin et Vaux,47.234539, 5.901153
Supercharger FR-Châteauroux, 46.863047, 1.716028
Supercharger FR-Clermont-Ferrand, 45.785937, 3.141488
Supercharger FR-Coings, 46.863058, 1.716048
Supercharger FR-Calais, 50.924425, 1.80414
Supercharger FR-Calais - Eurotunnel Terminal, 50.935031, 1.812951
Supercharger FR-Dommartin-lès-Cuiseaux, 46.496179, 5.310394
Supercharger FR-Eurotunnel Flexiplus Lounge, 50.929973, 1.813182
Supercharger FR-Fontainebleau, 48.3495627, 2.6067816
Supercharger FR-Grenoble, 45.265676, 5.876448
Supercharger FR-La Léchère-les-Bains, 45.51877, 6.482522
Supercharger FR-Le Mans, 48.041833, 0.175342
Supercharger FR-La Seyne-sur-Mer, 43.121199, 5.85086
Supercharger-V3 FR-Labouheyre, 44.202799, -0.92682
Supercharger FR-Langon, 44.5424356, -0.2539542
Supercharger-V3 FR-Les Herbiers, 46.889368, -1.032994
Supercharger FR-Lille, 50.583306, 3.08982
Supercharger FR-Limoges, 45.86723, 1.270344
Supercharger FR-Lorient, 47.787895, -3.33146989
Supercharger FR-Mâcon, 46.346653, 4.849067
Supercharger FR-Marne-la-Vallée, 48.8307897, 2.6780359
Supercharger FR-Merignac, 44.835346, -0.681374
Supercharger FR-Metz, 49.216512, 6.171239
Supercharger FR-Mont-Saint-Michel, 48.568171, -1.543283
Supercharger FR-Montélimar, 44.676319, 4.795763
Supercharger-V3 FR-Montluçon, 46.378453, 2.586523
Supercharger FR-Mougins, 43.6036681, 7.011086
Supercharger FR-Mulhouse, 47.782016, 7.388299
Supercharger FR-Nancy, 48.638215, 6.184349
Supercharger FR-Nantes - La Chapelle-sur-Erdre, 47.282708, -1.549982
Supercharger FR-Narbonne, 43.1676432, 2.9859067
Supercharger FR-Nîmes, 43.81655, 4.345061
Supercharger FR-Orange, 44.1121375, 4.8517996 
Supercharger FR-Orgeval, 48.925026, 1.996508
Supercharger FR-Ostwald, 48.534041, 7.702054
Supercharger FR-Orleans, 47.9488696, 1.868313
Supercharger FR-Pau, 43.332257, -0.358762
Supercharger-V3 FR-Perigueux, 45.152424, 0.789938
Supercharger FR-Poitiers, 46.670356, 0.362651
Supercharger-V3 FR-Reims-Tinqueux, 49.252931, 3.975959
Supercharger FR-Rennes, 48.082064, -1.684180
Supercharger FR-Rouen, 49.388964, 1.059818
Supercharger FR-Rouvignies, 50.336704, 3.455931
Supercharger FR-Rungis, 48.7544317, 2.3510298
Supercharger FR-Saint-Brieuc, 48.493466, -2.7226299
Supercharger FR-Saintes, 45.7500261, -0.6616366
Supercharger FR-Sallanches, 45.951545, 6.62879
Supercharger FR-Senlis, 49.208545, 2.606701
Supercharger FR-Sisteron, 44.226199, 5.913554
Supercharger FR-Strasbourg, 48.53407, 7.70201
Supercharger FR-Thiais, 48.7543643, 2.3730657
Supercharger FR-Toulon, 43.121199, 5.85086
Supercharger FR-Toulouse, 43.769238, 1.361623
Supercharger FR-Tours, 47.407325, 0.744827
Supercharger FR-Troyes - Saint-Parres-aux-Tertres, 48.293229, 4.130685
Supercharger FR-Val-de-Meuse, 47.99147, 5.51296
Supercharger FR-Valence, 44.91894, 4.878101
Supercharger FR-Valenciennes, 50.336704, 3.455931
Supercharger FR-Vienne, 45.58748, 4.78751
Supercharger GB-Abington, 55.507944, -3.694786
Supercharger GB-Aviemore, 57.189774, -3.836206
Supercharger GB-Barnsley, 53.489393, -1.486223
Supercharger GB-Birchanger Green, 51.871619, 0.193886
Supercharger GB-Birmingham, 52.363197, -1.945572
Supercharger GB-Bristol, 51.477207, -2.706308
Supercharger GB-Bristol, 51.526694, -2.599806
Supercharger GB-Burtonwood, 53.417605, -2.639522
Supercharger GB-Chorley, 53.630562, -2.692578
Supercharger GB-Colchester, 51.88071, 0.788574
Supercharger GB-Dundee, 56.466428, -3.062962
Supercharger GB-Dursley, 51.656431, -2.434545
Supercharger GB-Edinburgh, 55.945361, -3.366667
Supercharger GB-Elveden, 52.38641, 0.664606
Supercharger GB-Exeter, 50.685442, -3.448837
Supercharger GB-Fleet, 51.296156, -0.857274
Supercharger GB-Folkestone, 51.095988, 1.120931
Supercharger GB-Grantham, 52.948794, -0.677802
Supercharger GB-Gretna Green, 55.0078, -3.083018
Supercharger GB-Havant, 50.847773, -0.991137
Supercharger GB-Hilton Park Northbound, 52.644021, -2.058587
Supercharger GB-Hungerford, 51.481584, -1.557043
Supercharger GB-Hungerford, 51.483992, -1.558115
Supercharger GB-Leeds, 53.732769, -1.585628
Supercharger GB-Lifton, 50.643377, -4.284553
Supercharger GB-Liphook, 51.076281, -0.831807
Supercharger GB-London, 51.438052, 0.26879
Supercharger GB-London, 51.504346, -0.016146
Supercharger GB-London, 51.506333, -0.072778
Supercharger GB-London, 51.507022, 0.015928
Supercharger GB-London, 51.507888, -0.221972
Supercharger GB-London, 51.511647, -0.461166
Supercharger GB-London, 51.57753, -0.223753
Supercharger GB-Maidstone, 51.286224, 0.545783
Supercharger GB-Newcastle Staffordshire, 52.993, -2.2903
Supercharger GB-Newcastle Staffordshire, 52.99413, -2.290797
Supercharger GB-Newport Pagnell, 52.084312, -0.748467
Supercharger GB-Northampton, 52.185729, -0.89127
Supercharger GB-Oxford, 51.7374, -1.0948
Supercharger GB-Perth, 56.386, -3.4792
Supercharger GB-Potters Bar, 51.687536, -0.223548
Supercharger GB-Reading, 51.420611, -0.988028
Supercharger GB-Richmond, 54.4421, -1.6713
Supercharger GB-Sarn, 51.535351, -3.577637
Supercharger GB-Sheffield, 53.314145, -1.281904
Supercharger GB-Slough, 51.478181, -0.515753
Supercharger GB-Tebay Southbound, 54.453104, -2.605743
Supercharger GB-Telford, 52.677334, -2.399552
Supercharger GB-Warrington, 53.339515, -2.569358
Supercharger GB-Warwick, 52.216831, -1.50513
Supercharger GB-Warwick, 52.219105, -1.502085
Supercharger GB-Washington, 54.88762, -1.557413
Supercharger GB-Winchester, 51.16725, -1.328024
Supercharger HR-Karlovac, 45.51297, 15.54748
Supercharger HR-Otočac, 44.89321, 15.18425
Supercharger HR-Senj, 44.989403, 14.897517
Supercharger HR-Slavonski Brod, 45.175219, 18.063332
Supercharger HR-Split, 43.58737, 16.57636
Supercharger HR-Vrgorac, 43.20407, 17.37387
Supercharger HR-Zadar, 44.11418, 15.40711
Supercharger HR-Zagreb, 45.76705, 16.23365
Supercharger HU-Debrecen, 47.541266, 21.583575
Supercharger HU-Györ, 47.633274, 17.660977
Supercharger HU-Fót, 47.581808,19.162384
Supercharger HU-Sormás, 46.460543, 16.906756
Supercharger HU-Szeged, 46.274868,20.1024638
Supercharger HU-Törökbálint, 47.439444, 18.889835
Supercharger IE-Ballacolla, 52.86704, -7.481818
Supercharger IE-Birdhill, 52.757747, -8.40932
Supercharger IE-Castlebellingham Southbound, 53.924106, -6.411373
Supercharger IE-Castlebellingham Northbound, 53.932462, -6.417717		
Supercharger IS-Fossvogur, 64.117994, -21.899666
Supercharger IT-Affi, 45.551296, 10.787143
Supercharger IT-Aosta, 45.73745, 7.371416
Supercharger IT-Arezzo, 43.436801, 11.779599
Supercharger IT-Borca di Cadore, 46.435592, 12.222879
Supercharger IT-Brennero, 46.99540, 11.50210
Supercharger IT-Brescia, 45.53224, 10.164969
Supercharger IT-Campogalliano, 44.685971, 10.851913
Supercharger IT-Cavaglià, 45.389435, 8.12998
Supercharger IT-Ceprano, 41.544226, 13.511958
Supercharger IT-Cerignola, 41.306389, 15.899738											
Supercharger IT-Dorno Ost, 45.147263, 8.991257, 15
Supercharger IT-Dorno West, 45.147743, 8.990631, 15
Supercharger IT-Fano, 43.802874, 13.015345
Supercharger IT-Firenze, 43.810258, 11.17798
Supercharger IT-Forcola, 46.165099, 9.675995
Supercharger-V3 IT-Forlì, 44.242877, 12.081828
Supercharger IT-Forte dei Marmi, 43.956416, 10.194539
Supercharger IT-Imperia, 43.892498, 8.039031
Supercharger IT-Magliano Sabina, 42.372085, 12.471703
Supercharger IT-Melegnano, 45.34834, 9.282206
Supercharger IT-Mercato San Severino, 40.771952, 14.746048
Supercharger IT-Modena, 44.574119, 10.981157
Supercharger IT-Mogliano Veneto, 45.58469, 12.28721
Supercharger IT-Moncalieri, 44.973333, 7.730113
Supercharger IT-Morano Calabro, 39.875989, 16.065094
Supercharger IT-Occhiobello, 44.918787, 11.594051
Supercharger IT-Palmanova, 45.88421, 13.34502
Supercharger IT-Palmi, 38.366929, 15.869555
Supercharger IT-Piacenza, 45.039461, 9.753871
Supercharger IT-Pollein, 45.737122, 7.372441
Supercharger IT-San Giovanni Teatino, 42.399194, 14.16396
Supercharger IT-Sondrio, 46.164535, 9.677329
Supercharger IT-Tarquinia, 42.183306, 11.788161
Supercharger IT-Trento, 46.11166, 11.09172
Supercharger IT-Varazze, 44.35161, 8.56544
Supercharger IT-Verona, 45.412326, 10.970212
Supercharger IT-Vicenza, 45.50845, 11.626019
Supercharger LI-Schaan, 47.16519, 9.50775
Supercharger LU-Mënsbech, 49.6409, 6.27076
Supercharger-V3 NL-Akersloot, 52.547541, 4.722741
Supercharger NL-Apeldoorn, 52.177652, 5.912803
Supercharger-V3 NL-Apeldoorn Oost, 52.204703, 6.016104
Supercharger NL-Assen, 52.9929,6.52447
Supercharger NL-Badhoevedorp, 52.329302, 4.78487
Supercharger NL-Breda, 51.577493, 4.729968
Supercharger NL-Breukelen, 52.167169, 4.98908
Supercharger NL-Bunnik, 52.061077, 5.2055
Supercharger NL-Dordrecht, 51.7744542, 4.65301
Supercharger NL-Drachten, 53.105883, 6.129539
Supercharger NL-Duiven, 51.958931, 6.020418
Supercharger NL-Eindhoven, 51.4069155, 5.479269
Supercharger NL-Emmeloord, 52.727421, 5.764693
Supercharger NL-Gouda, 52.022465, 4.684526
Supercharger NL-Hoorn, 52.650769, 5.038917
Supercharger NL-Horst, 51.470008, 6.056974
Supercharger NL-Leiderdorp, 52.160766, 4.549019
Supercharger-V3 NL-Leusden, 52.144022, 5.416976
Supercharger-V3 NL-Middelburg, 51.480275, 3.636485
Supercharger NL-Naarden, 52.30858, 5.141127
Supercharger NL-Oosterhout, 51.626423, 4.869517
Supercharger-V3 NL-Rijswijk, 52.048276, 4.349078
Supercharger NL-s-Hertogenbosch, 51.7205, 5.3334
Supercharger NL-Tilburg, 51.606331, 5.005621
Supercharger-V3 NL-Uden, 51.671308, 5.60267
Supercharger NL-Ugchelen, 52.177996, 5.912627
Supercharger NL-Urmond, 50.9894104, 5.7815227
Supercharger NL-Vuren, 51.838827, 5.090846
Supercharger NL-Zaltbommel, 51.796330, 5.254697
Supercharger NL-Zevenaar, 51.940585, 6.081817
Supercharger-V3 NL-Zuidbroek, 53.169567, 6.852949
Supercharger NL-Zwolle, 52.531928, 6.157031
Supercharger NO-Aksdal, 59.423006, 5.44306
Supercharger-V3 NO-Aksdal South, 59.421206, 5.4435
Supercharger NO-Alvdal, 62.114854, 10.616826
Supercharger NO-Åndalsnes, 62.557776,7.685321
Supercharger NO-Arna, 60.421924, 5.46703
Supercharger NO-Åsane, 60.484345, 5.375959
Supercharger NO-Aspøya, 63.011584, 7.977743
Supercharger NO-Aurland, 60.89863, 7.21082
Supercharger-V3 NO-Bamble, 58.9713, 9.51278, 15
Supercharger NO-Berkåk, 62.831859, 10.009871
Supercharger NO-Bismo, 61.883135, 8.267249
Supercharger NO-Brumunddal, 60.878507,10.929387
Supercharger NO-Bygland, 58.82792, 7.796114
Supercharger NO-Dombås, 62.074749, 9.12783
Supercharger NO-Eidfjord, 60.467438, 7.068209
Supercharger NO-Eidsvoll Verk, 60.312269, 11.145104
Supercharger NO-Elverum, 60.884053, 11.541698
Supercharger NO-Flå, 60.381236, 9.610003
Supercharger NO-Gol, 60.70232, 8.9862
Supercharger NO-Gol West, 60.697258,8.953551
Supercharger NO-Grong, 64.464913, 12.316532
Supercharger NO-Gulsvik, 60.381223, 9.609859
Supercharger NO-Hernes, 60.933109, 11.676209
Supercharger NO-Hokksund, 59.761033, 9.905583
Supercharger NO-Holmestrand, 59.490174, 10.294565
Supercharger NO-Hovden, 59.561243, 7.356849
Supercharger NO-Indre Arna, 60.421749, 5.467271
Supercharger NO-Innhavet, 67.962417, 15.929685
Supercharger NO-Jaren, 59.617769, 11.00302
Supercharger NO-Lærdal, 61.064751, 7.510658
Supercharger NO-Lampeland, 59.836224, 9.579221
Supercharger NO-Larvik, 59.112393, 10.108783
Supercharger NO-Lavik, 61.103869, 5.51268
Supercharger NO-Leinstrand, 63.325319, 10.305137
Supercharger-V3 NO-Leira, 60.969163, 9.29164
Supercharger NO-Levanger, 63.734517, 11.281552
Supercharger NO-Lier North, 59.770833, 10.262139
Supercharger NO-Lier South, 59.766259, 10.257838
Supercharger-V3 NO-Liertoppen, 59.80906, 10.299437
Supercharger NO-Lillehammer, 61.13045, 10.43491
Supercharger NO-Lillesand, 58.236817, 8.299052
Supercharger NO-Lyngdal, 58.155643, 7.102354
Supercharger-V3 NO-Maurset, 60.410401, 7.325072
Supercharger NO-Mo i Rana, 66.307374, 14.152668
Supercharger NO-Mosjøen, 65.83483634, 13.191672563
Supercharger NO-Mosjøen North, 65.841627, 13.187939
Supercharger NO-Nes i Ådal, 60.58475, 9.985092
Supercharger-V3 NO-Notodden, 59.566312, 9.219309
Supercharger NO-Norheimsund, 60.372342, 6.141213
Supercharger NO-Nyborg, 60.484297, 5.375426
Supercharger NO-Os, 60.192788, 5.4652
Supercharger NO-Porsgrunn, 59.122098, 9.707564
Supercharger NO-Rauma, 62.558258, 7.683524
Supercharger NO-Rennebu, 62.832142, 10.010141
Supercharger NO-Ringdalskogen, 59.112402, 10.108727
Supercharger NO-Rolvsøy, 59.324292, 10.954448
Supercharger NO-Rugtvedt, 59.035933, 9.67402
Supercharger NO-Rygge, 59.38753, 10.751039
Supercharger NO-Røldal, 59.816824, 6.752226
Supercharger NO-Sandane, 61.7780226, 6.2131884
Supercharger NO-Setermoen, 68.860147, 18.346723
Supercharger-V3 NO-Skaidi, 70.431954, 24.50683
Supercharger NO-Skarnes, 60.248841, 11.743848
Supercharger NO-Skei, 61.575358, 6.483264
Supercharger NO-Skibotn, 69.392448, 20.268423
Supercharger NO-Skjåk, 61.88317, 8.267157
Supercharger NO-Skulestadmo, 60.658297, 6.436256
Supercharger NO-Svolvær, 68.233132, 14.559828
Supercharger NO-Solli, 59.324292, 10.954448
Supercharger NO-Stjørdal, 63.466385, 10.918098
Supercharger NO-Storjord, 66.814045, 15.401738
Supercharger NO-Sundebru, 58.820783, 9.073746
Supercharger NO-Sørkjosen, 69.792498, 20.93907
Supercharger NO-Vikeså, 58.631954, 6.077949
Supercharger NO-Vinje, 59.5701306, 7.992551
Supercharger NO-Vinstra, 61.59049, 9.72166
Supercharger NO-Voss, 60.658184, 6.436238
Supercharger NO-Ørskog, 62.520404, 6.915983
Supercharger NO-Øyer, 61.243236, 10.434457
Supercharger PL-Ciechocinek, 52.874469, 18.773758
Supercharger PL-Katowice, 50.254594, 19.046594
Supercharger PL-Katowice-E.Leclerc, 50.219000, 18.990329
Supercharger PL-Kostomłoty, 51.037361, 16.584208
Supercharger PL-Poznań, 52.400285, 16.893091
Supercharger PL-Radom, 51.379569, 21.125477
Supercharger PL-Trzebownisko, 50.089376, 22.047152
Supercharger PL-Warsaw, 52.207827, 21.029574
Supercharger PT-Alcacér do Sal, 38.391941, -8.513867
Supercharger PT-Alcantarilha, 37.150601, -8.364433
Supercharger PT-Fátima, 39.635478, -8.688469
Supercharger PT-Guarda, 40.55898, -7.231017
Supercharger-V3 PT-Loulé, 37.097586, -7.997867
Supercharger PT-Mealhada, 40.37306, -8.4805
Supercharger PT-Montemor-o-Novo, 38.645753, -8.247265
Supercharger PT-Ribeira de Pena, 41.503392, -7.80134
Supercharger RS-Aleksinac, 43.528816, 21.709413
Supercharger RS-Belgrade, 44.710065, 20.561113
Supercharger SE-Arboga, 59.426307, 15.827684
Supercharger SE-Arvidsjaur, 65.589922, 19.184091
Supercharger SE-Borlänge, 60.478804, 15.438655
Supercharger SE-Edsbruk, 57.97985, 16.482407
Supercharger SE-Enköping, 59.658468, 17.076533
Supercharger SE-Falkenberg, 56.93167, 12.51805
Supercharger SE-Grums, 59.365749, 13.14537
Supercharger SE-Gävle, 60.648513, 17.120583
Supercharger SE-Hudiksvall, 61.714854, 17.042692
Supercharger SE-Jung, 58.328002, 13.132237
Supercharger SE-Jäckvik, 66.39067, 16.964868
Supercharger SE-Kalmar, 56.673228, 16.321408
Supercharger SE-Karlstad, 59.381535, 13.467609
Supercharger SE-Kristianstad, 56.023216, 14.11831
Supercharger-V3 SE-Kristinehamn, 59.31478, 14.147392
Supercharger SE-Krokom, 63.328793, 14.4301
Supercharger SE-Kungälv, 57.8581639, 11.9982719
Supercharger SE-Lagan, 57.028956, 14.014744
Supercharger SE-Löddeköpinge, 55.766399, 12.990671
Supercharger SE-Markaryd, 56.444825, 13.603916
Supercharger SE-Mellbystrand, 56.501606,12.95763
Supercharger SE-Mora, 61.005921, 14.54418
Supercharger SE-Nørre Alslev, 54.899885, 11.89693
Supercharger SE-Norrköping, 58.62191, 16.154806
Supercharger SE-Puoltikasvaara, 67.440201, 21.115515
Supercharger SE-Skellefteå, 64.76235, 21.002864
Supercharger SE-Slagelse, 55.388, 11.3622
Supercharger SE-Sollentuna, 59.496093, 17.924441
Supercharger SE-Stockholm, 59.5006239, 17.926818
Supercharger SE-Storlien, 63.310045,12.109286
Supercharger SE-Storuman, 65.092642, 17.107984
Supercharger SE-Sundsvall, 62.398468, 17.338902
Supercharger SE-Sveg, 62.034484, 14.366261
Supercharger SE-Tanum, 58.72117, 11.34538
Supercharger SE-Torsby, 60.129704, 12.998069
Supercharger SE-Tystberga, 58.918156, 17.367987
Supercharger SE-Töcksfors, 59.509437, 11.822381
Supercharger SE-Töre,65.911639, 22.65727
Supercharger SE-Uddevalla, 58.3516862, 11.8116943
Supercharger SE-Ulricehamn, 57.814003, 13.418759
Supercharger SE-Umeå, 63.810547, 20.250437
Supercharger SE-Uppsala, 59.939144, 17.656107
Supercharger SE-Ödeshög, 58.227173, 14.668821
Supercharger SE-Örnsköldsvik, 63.291556, 18.706134
Supercharger SI-Kozina, 45.60492, 13.928521
Supercharger SI-Kozina, 45.607449, 13.931531
Supercharger SI-Ljubljana, 46.051778, 14.452056
Supercharger SI-Maribor, 46.533005, 15.699246
Supercharger SK-Bratislava, 48.132138, 17.108438
Supercharger SK-Demänová, 49.054815, 19.579253
Supercharger-V3 SK-Košice, 48.694399, 21.235726
Supercharger SK-Zvolen, 48.627379, 19.103481
Supercharger US-Amarillo TX, 35.189094, -101.931492
Supercharger US-Ardmore OK,34.179246,-97.1656
Supercharger US-Arlington TX, 32.754621, -97.082784
Supercharger US-Altoona IA, 41.6642, -93.465622
Supercharger US-Asheville NC, 35.531388, -82.604514
Supercharger US-Auburn MA, 42.203788, -71.832927
Supercharger US-Austin TX,30.329202,-97.706266
Supercharger US-Baker CA, 35.262512, -116.080666
Supercharger US-Bay City MI, 43.622212, -83.932216
Supercharger US-Bowling Green KY, 36.955168, -86.438863
Supercharger-V3 US-Brighton CO, 39.971947, -104.74852
Supercharger US-Bristol TN, 36.591663, -82.261292
Supercharger US-Buford GA, 34.061649, -83.994602
Supercharger-V3 US-Bolingbrook IL, 41.722252, -88.037124
Supercharger US-Cambridge OH, 40.003559, -81.574903
Supercharger US-Catoosa OK, 36.167589, -95.766032
Supercharger US-Channelview TX, 29.784662, -95.110606
Supercharger US-Charleston WV, 38.35475, -81.642864
Supercharger-V3 US-Chillicothe OH, 39.358367, -82.977389
Supercharger US-Childress TX, 34.432503, -100.218625
Supercharger US-Columbia MO, 38.957869, -92.252786
Supercharger-V3 US-Conifer CO - Conifer Road, 39.54408, -105.290051
Supercharger US-Cincinnati OH, 39.162772, -84.426492
Supercharger US-Cookeville TN, 36.155752,-85.515201
Supercharger US-Coralville IA, 41.680508, -91.591347
Supercharger US-Corsicana TX, 32.0686, -96.448217
Supercharger US-Cranberry Township PA, 40.683579, -80.108262
Supercharger US-Dallas TX - North Central Expressway,32.88102,-96.769588
Supercharger US-Dayton OH, 39.858615, -84.276928
Supercharger US-Denton TX, 33.231528, -97.166391
Supercharger US-Dickson TN, 36.018432, -87.332851
Supercharger US-Dublin OH, 40.093198, -83.092261
Supercharger US-Dubuque IA, 42.487438, -90.664024
Supercharger US-Duluth MN, 46.784582, -92.102298
Supercharger US-Effingham IL,39.13713,-88.563387
Supercharger SU-Elko NV, 40.836298, -115.790796
Supercharger US-Evanston WY, 41.26299,-110.985504
Supercharger US-Fort Wayne IN, 41.138389, -85.163327
Supercharger US-Frederick MD, 39.384667, -77.405375
Supercharger US-Gaylord MI, 45.025599, -84.722179
Supercharger US-Giddings TX, 30.178965, -96.906996
Supercharger US-Glen Allen VA, 37.669845, -77.461682
Supercharger US-Goodland KS, 39.326284, -101.725034
Supercharger US-Grove City OH, 39.877185, -83.063419
Supercharger US-Hays KS, 38.900536, -99.319335
Supercharger US-Houston-North TX, 29.980302, -95.421564
Supercharger US-Houston TX - Northwest Freeway, 29.867279, -95.538107
Supercharger US-Huntington WV, 38.410909, -82.487255
Supercharger US-Huntsville TX, 30.716159, -95.565965
Supercharger US-Howard WI, 44.536272,-88.077732
Supercharger US-Independence MO, 39.040819, -94.36928
Supercharger US-Inyokern CA, 35.646456, -117.812561
Supercharger US-Jackson TN, 35.660411, -88.855634
Supercharger US-Kingston NY,41.9419,-74.027369
Supercharger US-Knoxville TN, 35.901323,-84.149622
Supercharger US-Kuttawa KY, 37.073581, -88.124831
Supercharger US-La Vale MD, 39.63615, -78.845823
Supercharger US-Lake Elsinore CA, 33.698631, -117.349266
Supercharger US-Las Vegas NV, 36.165906, -115.138655
Supercharger US-Lexington KY, 38.017734, -84.421103
Supercharger US-Lexington VA, 37.79696, -79.419029
Supercharger-V3 US-Long Pine CA, 36.600623, -118.062336
Supercharger US-Louisville KY, 38.211971, -85.673251
Supercharger-V3 US-Las Vegas NV - Linq High Roller, 36.116648, -115.168277
Supercharger US-Las Vegas NV - Blvd South, 36.070704, -115.172895
Supercharger US-Las Vegas NM, 35.621984, -105.205447
Supercharger US-Limon CO, 39.268995, -103.708624
Supercharger US-Little Rock AR, 34.661548, -92.410467
Supercharger US-Livonia MI, 42.379355, -83.329502
Supercharger US-London KY, 37.149148, -84.11394
Supercharger US-Lovelock NV, 40.179476, -118.472197
Supercharger US-Lowell AR, 36.255397, -94.152674
Supercharger-V3 US-Mackinaw City MI, 45.772228, -84.72645
Supercharger US-Mammoth Lakes CA, 37.644533, -118.96555
Supercharger US-Marshall MI, 42.292068, -84.96416
Supercharger US-Maumee OH, 41.578401, -83.664689
Supercharger US-Memphis TN, 35.097843, -89.859007
Supercharger US-Mehlville MO, 38.507468, -90.32907
Supercharger US-Menifee CA, 33.679638, -117.173752
Supercharger-V3 US-Michigan City MI, 41.673819, -86.890904
Supercharger US-Mojave CA, 35.068596, -118.174568
Supercharger US-Mt. Gilead OH, 40.493768, -82.71308
Supercharger US-Mt. Hope WV, 37.846882, -81.195869
Supercharger US-Mt. Vernon IL, 38.316210, -88.955901
Supercharger US-Nacogdoches TX, 31.652005, -94.679586
Supercharger US-Newport News VA, 37.114579, -76.496197
Supercharger US-Oshkosh WI, 44.028786,-88.592554
Supercharger-V3 US-Ozark AR, 35.523836, -93.863559
Supercharger US-Primm NV, 35.610592, -115.387932
Supercharger US-Rancho Cucamonga CA, 34.113557, -117.529450
Supercharger US-Rawlins WY, 41.79092, -107.210242
Supercharger-V3 US-Richmond IN, 39.867882, -84.887238
Supercharger US-Richmond TX, 29.561532, -95.695252
Supercharger US-Richmond VA, 37.529808, -77.353916
Supercharger US-Rock Springs WY, 41.580713, -109.262277
Supercharger US-Rolla MO, 37.939942, -91.801636
Supercharger US-Roseville CA - Galleria Boulevard, 38.768016, -121.263461
Supercharger-V3 US-Rolling Meadows IL, 42.049748, -87.994922
Supercharger US-Salina KS, 38.877354, -97.618643
Supercharger US-San Clemente CA, 33.437347, -117.626808
Supercharger US-Silverthorne CO, 39.631417, -106.070817
Supercharger US-Southlake TX, 32.943636, -97.133889
Supercharger US-Springfield IL, 39.748851, -89.671111
Supercharger US-Springfield MO, 37.252146, -93.265243
Supercharger US-Staunton VA, 38.133369, -79.043456
Supercharger US-Strongsville OH, 41.343339, -81.824921
Supercharger US-St. Charles MO, 38.78214, -90.532841
Supercharger US-Superior CO, 39.954891, -105.164528
Supercharger US-Tejon Ranch CA, 34.987, -118.946172
Supercharger US-Temecula CA, 33.524190, -117.152544
Supercharger US-Terre Haute IN, 39.443344, -87.331722
Supercharger US-Texarkana TX, 33.459914, -94.077229
Supercharger-V3 US-Thornton CO, 39.914837, -104.9864, 70
Supercharger US-Tucumcari NM, 35.153945, -103.722726
Supercharger US-Tupelo MS, 34.311517, -88.70099
Supercharger-V3 US-Vancouver WA - NE Vancouver Mall Drive, 45.659599, -122.583534
Supercharger US-Waco TX, 31.582197, -97.109052
Supercharger US-Waterbury CT, 41.537145, -73.00555
Supercharger US-Watterloo NY, 42.969202, -76.846107
Supercharger US-Watertown NY, 43.979582, -75.954102
Supercharger US-Wausau WI, 44.931231, -89.661909
Supercharger US-Webster TX, 29.519295, -95.122049
Supercharger US-Weatherford OK, 35.538718, -98.660132
Supercharger US-West Des Moines IA, 41.598957, -93.806328
Supercharger US-West Wendover NV, 40.738369, -114.059043
Supercharger US-Wytheville VA, 36.945711, -81.054562

Urbancharger US-Anaheim CA, 33.805187, -117.882111
Urbancharger US-Austin TX - Research Boulevard,30.38944,-97.73977
Urbancharger US-Carlsbad CA, 33.084042, -117.266273
Urbancharger US-Chicago IL North Broadway, 41.937486, -87.644921
Urbancharger US-Corona CA, 33.826435, -117.515366
Urbancharger US-Fontana CA, 34.150982, -117.471046
Urbancharger US-Glendale CA, 34.145145, -118.257072
Urbancharger US-Las Vegas NV - Tivoli Village, 36.168785, -115.286674
Urbancharger US-Pasadena CA, 34.144859, -118.146439
Urbancharger US-San Bernardino CA, 34.084202, -117.299095
Urbancharger US-San Diego CA Del Mar Heights Road, 32.952679, -117.235138
Urbancharger US-Tigard OR, 45.450027,-122.78289

Tesla Service Center AT-Graz, 47.037072, 15.478325
Tesla Service Center AT-Linz, 48.236730, 14.240654
Tesla Service Center AT-Salzburg, 47.787926, 12.980254
Tesla Service Center AT-Wien, 48.157446, 16.335926
Tesla Service Center BE-Antwerp, 51.1370983, 4.3747203
Tesla Service Center BE-Brussels, 50.8712761, 4.4625433
Tesla Service Center BE-Hasselt, 50.9418505, 5.322659
Tesla Service Center CH-Bern, 46.9589, 7.472205
Tesla Service Center CH-Cham, 47.191704, 8.456335
Tesla Service Center CH-Meyrin, 46.2236325, 6.0506067
Tesla Service Center CH-Möhlin, 47.57728, 7.841
Tesla Service Center CH-Schlieren, 47.40106, 8.4399
Tesla Service Center CH-Winterthur, 47.49629, 8.6981
Tesla Service Center DE-Berlin, 52.394091, 13.542292
Tesla Service Center DE-Berlin,52.392784,13.541575
Tesla Service Center DE-Düsseldorf, 51.1643, 6.8528
Tesla Service Center DE-Feldkirchen, 48.145579, 11.741758
Tesla Service Center DE-Frankfurt, 50.13310, 8.76581
Tesla Service Center DE-Hamburg, 53.668606, 9.99489
Tesla Service Center DE-Kirchheim, 48.15108, 11.74895
Tesla Service Center DE-Nürnberg,  49.463634, 11.127495
Tesla Service Center DE-Stuttgart, 48.82695, 9.09938
Tesla Service Center DK-Aarhus, 56.178148, 10.1370293
Tesla Service Center DK-København, 55.6486301, 12.5661364
Tesla Service Center FR-Aix-en-Provence, 43.478753, 5.3654749
Tesla Service Center FR-Bordeaux, 44.8338462,-0.677458
Tesla Service Center FR-Lyon, 45.7851557, 4.7877348
Tesla Service Center FR-Nantes, 47.2483746,-1.6220887
Tesla Service Center FR-Paris, 48.8699445, 2.3208625
Tesla Service Center IT-Milano, 45.4287001, 9.3236095
Tesla Service Center IT-Padua, 45.3892437, 11.9484972
Tesla Service Center LU-Luxembourg, 49.5897262, 6.1390134
Tesla Service Center NL-Amsterdam Zuid-Oost, 52.310477, 4.936176
Tesla Service Center NL-Arnhem, 51.965004, 6.003759
Tesla Service Center NL-Den Haag, 52.0704378, 4.3883438
Tesla Service Center NL-Groningen, 53.2230636, 6.6094115
Tesla Service Center NL-Rotterdam, 51.8648704, 4.4548565
Tesla Service Center NL-Tilburg, 51.6060617, 4.9964002
Tesla Service Center US-Palo Alto, 37.394287, -122.150604

Aldi DE-Bad Camberg, 50.296238, 8.254424
Aldi DE-Bernau am Chiemsee, 47.825325, 12.384109
Aldi DE-Böblingen, 48.685646, 8.993401
Aldi DE-Friedberg, 48.406611, 10.951264
Aldi DE-Hünxe, 51.642562, 6.758384
Aldi DE-Kaarst, 51.218956, 6.633498
Aldi DE-Kelsterbach, 50.058617, 8.521086
Aldi DE-Kirchheim unter Teck, 48.652609, 9.45985
Aldi DE-Köln, 50.906526, 6.934391
Aldi DE-Leonberg, 48.798462, 8.999601
Aldi DE-Mainaschaff, 49.986603, 9.084044, 10
Aldi DE-Merchweiler, 49.349395, 7.050618
Aldi DE-Nürnberg Geisseestr., 49.434974, 11.041029
Aldi DE-Nürnberg Münchenerstr., 49.400938, 11.117048
Aldi DE-Nürnberg Wiesbadenerstr., 49.522306, 11.007037
Aldi DE-Petersberg, 50.553999, 9.712663
Aldi DE-Pforzheim, 48.902632, 8.663465
Aldi DE-Rastatt, 48.85911, 8.238882, 20
Aldi DE-Wetzendorf, 49.496251, 11.262201
Aldi DE-Wiesbaden Hagenauerstr., 50.048155, 8.217388

Allego DE-Aichstetten, 47.88045, 10.0406, 7
Allego DE-Bernau am Chiemsee, 47.813788,12.366477, 20
Allego DE-Bühler Höhe, 50.912825, 7.910041
Allego DE-Dresden ATU, 51.079151, 13.691018
Allego DE-Eichenzell, 50.488462, 9.708748, 5
Allego DE-Essen Hauptbahnhof, 51.452362, 7.013726, 20
Allego DE-Essen Grugahalle, 51.431229, 6.999253, 15
Allego DE-Essen Messeplatz, 51.431545, 7.000548, 15
Allego DE-Feldkirchen, 48.141049, 11.73682, 15
Allego DE-Garten von Ehren, 53.430268, 9.935228
Allego DE-Gateway-Gardens Frankfurt, 50.055232, 8.587298, 20
Allego DE-Hannover-Lahe, 52.419419, 9.832403, 10
Allego DE-Hermsdorf McDonalds, 50.889717, 11.872576, 10
Allego DE-Heppenheim, 49.643165, 8.624373
Allego DE-Hilpoltstein, 49.161056, 11.260274, 5
Allego DE-Hilpoltstein, 49.161068, 11.260205, 5
Allego DE-Hohenwarsleben, 52.174039, 11.495273, 6
Allego DE-Kleinostheim, 49.994504, 9.070058, 20
Allego DE-Lauf an der Pegnitz Industriestraße, 49.502758, 11.291502
Allego DE-Münchberg, 50.202775, 11.7769, 7
Allego DE-Münster ATU, 51.92794, 7.587932
Allego DE-Neumarkt Authof, 49.312989, 11.475396, 5
Allego DE-Regensburg, 48.995373, 12.151138, 15
Allego DE-Rostock, 54.111209, 12.16426
Allego DE-Schleiz, 50.549278, 11.789369
Allego DE-Schweitenkirchen, 48.510717, 11.582345, 3
Allego DE-Trier Wasserweg, 49.76327, 6.65785
Allego DE-Quirla, 50.865762, 11.772602

ARAL DE-Bochum, 51.501513, 7.258011
ARAL DE-Uelzen, 52.99585, 10.539363

CEZ CZ-Děčín, 50.770023, 14.207249
CEZ CZ-Jenišov, 50.222744, 12.805259
CEZ CZ-Jaroměř, 50.342834, 15.904088
CEZ CZ-Plzeň, 49.742046, 13.393453
CEZ CZ-Praha Corso Karlín, 50.091751, 14.45122
CEZ CZ-Praha Visionary, 50.107087, 14.442063
CEZ CZ-Trmice, 50.646149, 13.986876
CEZ CZ-Stráž nad Nisou, 50.783638, 15.023201
CEZ CZ-Vrchlabí, 50.62006,15.599216
CEZ CZ-Frýdek-Místek, 49.681595, 18.347128
CEZ CZ-Třinec, 49.660275, 18.672079

Clever DK-Bakkebølle, 54.948667, 11.988156
Clever DK-Snoghøj, 55.5357, 9.718562
Clever DK-Roskilde, 55.637276, 12.082219

Comfortcharge DE-Bonn, 50.708151, 7.128949
Comfortcharge DE-Bremen Fernmeldeturm, 53.095621, 8.791384
Comfortcharge DE-Bremen Hohle Straße, 53.173716, 8.629969
Comfortcharge DE-Cloppenburg, 52.844864, 8.047866
Comfortcharge DE-Essen, 51.451473, 7.09393
Comfortcharge DE-Hameln, 52.104262, 9.377806
Comfortcharge DE-Hannover Am Immenkampe, 52.357492, 9.671864
Comfortcharge DE-Hannover Dünenweg, 52.396052, 9.675816
Comfortcharge DE-Hannover Tillystr., 52.33748, 9.719157
Comfortcharge DE-Nürnberg, 49.426495, 11.03906
Comfortcharge DE-München, 48.174976, 11.553374
Comfortcharge DE-Offenburg, 48.463588, 7.929831
Comfortcharge DE-Riesa, 51.307878, 13.292329
Comfortcharge DE-Springe, 52.217937, 9.567155

da-emobil AT-Guntramsdorf, 48.033848,16.337711,20
da-emobil AT-Pettau, 47.284483,11.164263,20
da-emobil AT-St. Pölten, 48.177086,15.553222

Drewag DE-Dresden Elbepark, 51.086258, 13.693972
Drewag DE-Dresden Mohnstr., 51.077856,13.717185
Drewag DE-Dresden Neustadt Bahnhof, 51.064753, 13.739622
Drewag DE-Dresden Park&Ride Prohilis, 50.999325, 13.799299
Drewag DE-Dresden Pirnaischer Platz, 51.048762, 13.744022
Drewag DE-Dresden Sarrasaniparkplatz, 51.057835, 13.745202
Drewag DE-Dresden Schillergalerie, 51.051405, 13.804725

E.ON CZ-Jenišov, 50.218688, 12.806822
E.ON DE-Ascheberg, 51.774488, 7.6394
E.ON DE-Elmshorn Teppich Kibek, 53.741661, 9.707776
E.ON DE-Essen, 51.425112, 6.993249
E.ON DE-Fränkische Schweiz-Pegnitz Ost, 49.74854, 11.514097
E.ON DE-Freiburg Raststätte Schauinsland, 48.050037, 7.810182
E.ON DE-Geiselwind, 49.769102, 10.470809, 7
E.ON DE-Geisenhausen, 48.555675, 11.588303, 5
E.ON DE-Neumünster Polizei, 54.07617, 9.96679
E.ON DE-Rheinbach Peppenhoven Ost, 50.644491, 6.942145
E.ON DE-Rheinbach Peppenhoven West, 50.64325, 6.942062
E.ON DE-Schallstadt Breisgau Ost, 47.970558, 7.72173, 20
E.ON DE-Siegburg Ost, 50.809464, 7.220046, 10
E.ON DE-Siegburg West, 50.806709, 7.219551, 10
E.ON DE-Soltau Raststätte Wietzenbruch West, 52.961271, 9.893783
E.ON DE-Tornesch Aral Tankstelle, 53.717968, 9.759639, 15
E.ON DE-Quickborn Ladepark HanseWerk, 53.745537, 9.942607
E.ON DE-Weiskirchen, 50.056419, 8.908221, 5
E.ON DK-Karlslunde West, 55.560857, 12.229259
E.ON DK-Karlslunde Ost, 55.560657, 12.231491
E.ON DK-Korsør, 55.347704, 11.120238

EnBW DE-Allgäuer Tor Ost, 47.847519, 10.282904, 20
EnBW DE-Allgäuer Tor West, 47.848193, 10.280863, 20
EnBW DE-Am Hockenheimring Ost,  49.316997, 8.57582, 20
EnBW DE-Am Hockenheimring West, 49.320793, 8.567899, 20
EnBW DE-Bobingen, 48.263993, 10.840595, 20
EnBW DE-Breitengüßbach, 49.973346, 10.87513
EnBW DE-Bremen Hemmstr., 53.100479, 8.814605
EnBW DE-Bremen Kirchhuchtinger Landstraße, 53.05324, 8.742137
EnBW DE-Büttelborn Süd, 49.892555, 8.543881, 20
EnBW DE-Ebersberg, 48.096569, 11.961316
EnBW DE-Ellwangen (Jagst) Rasthof Ellwanger Berge Ost, 48.984851, 10.196098
EnBW DE-Ehrenberg West, 51.265618, 7.245238, 20
EnBW DE-Gammertingen Bahnhof, 48.250595,9.217022
EnBW DE-Gammertingen Norma, 48.246655,9.222877
EnBW DE-Gelsenkirchen, 51.521451, 7.073921
EnBW DE-Greding West, 49.045512, 11.337622
EnBW DE-Illertal West,48.125496,10.10963,20
EnBW DE-Im Hegau West, 47.861479, 8.786121, 20
EnBW DE-Hannover Am Leineufer, 52.414635, 9.643332, 20
EnBW DE-Hirschberg, 50.427867, 11.795703
EnBW DE-Reinsfeld Hochwald Ost, 49.690638, 6.899393
EnBW DE-Hofoldinger Forst Süd, 47.9971515, 11.676045, 4
EnBW DE-Hohenwarsleben, 52.175060, 11.495039, 10
EnBW DE-Hunsrück West, 49.963341, 7.765829
EnBW DE-Hurlach, 48.12758, 10.834338
EnBW DE-Ingolstadt Goethestraße, 48.772272, 11.45188
EnBW DE-Jagsttal Ost, 49.322951,9.415858, 20
EnBW DE-Karlsruhe EnBW InnovationsCampus, 49.014469, 8.310857
EnBW DE-Karlsruhe Tollhaus, 49.003884, 8.432467, 10
EnBW DE-Kraichgau Süd, 49.240896, 8.879563, 20
EnBW DE-Lonetal Ost, 48.58408, 10.17877, 6
EnBW DE-Lonetal West, 48.584053, 10.175744, 6
EnBW DE-Lorsch Ost, 49.644328, 8.554109
EnBW DE-Lorsch West, 49.643044, 8.551967
EnBW DE-Nürnberg Äußere Bayreuther Straße, 49.475267, 11.104242, 10
EnBW DE-Nürnberg Sulzbacherstr., 49.457819, 11.092877, 30
EnBW DE-Nürnberg Eibach, 49.399141, 11.038350, 50
EnBW DE-Meitingen Nord, 48.557666, 10.852404, 20
EnBW DE-Memmingen, 47.999336, 10.153201, 10
EnBW DE-Mending, 50.382236, 7.269514
EnBW DE-Mönchengladbach Brunnenstraße, 51.184024, 6.440315
EnBW DE-München Ottobrunner., 48.10293, 11.625126, 20
EnBW DE-Ob der Tauber Ost, 49.621641,9.730816, 10
EnBW DE-Ob der Tauber West, 49.626704,9.728129, 10
EnBW DE-Ostfildern, 48.70475, 9.249091
EnBW DE-Porta Westfalica, 52.26012,8.90345
EnBW DE-Ruraue Ost, 50.931311, 6.340482
EnBW DE-Rutesheim, 48.811969, 8.922083
EnBW DE-Pforzheim Nord, 48.908018, 8.773701, 20
EnBW DE-Schongau, 47.808188, 10.877717
EnBW DE-Schönbuch Ost, 48.616496, 8.908573, 20
EnBW DE-Schönbuch West, 48.614523, 8.903131, 20
EnBW DE-Stuttgart Schellingstraße, 48.781854, 9.1754455, 10
EnBW DE-Ulm, 48.456880, 10.029673, 15
EnBW DE-Wangen im Allgäu, 47.694897, 9.828033, 10
EnBW DE-Winningen Moseltal Ost, 50.316586, 7.4988, 10
EnBW DE-Winningen Moseltal West, 50.317548, 7.4978, 10
EnBW DE-Wonnegau Ost, 49.647041, 8.293444
EnBW DE-Wonnegau West, 49.644547, 8.290185
EnBW DE-Urbach, 48.810151, 9.570358

Fastned BE-Oostende luchthaven, 51.205610, 2.871165
Fastned DE-Blankenfelde-Mahlow, 52.309203, 13.443583, 20
Fastned DE-Freiwalde, 51.948979, 13.7877
Fastned DE-Giengen-Herbrechtingen, 48.61561, 10.20539
Fastned DE-Gladbeck-Ellinghorst, 51.5552, 6.96951
Fastned DE-Herbolzheim, 48.22685, 7.75509
Fastned DE-Hilden, 51.192039, 6.936433, 8
Fastned DE-Hildesheim, 52.16083, 9.99676
Fastned DE-Limburg Süd, 50.37993, 8.09248
Fastned DE-Melle-West, 52.19466, 8.31641
Fastned DE-Nersingen, 48.41572, 10.09919
Fastned DE-Paderborn-Mönkeloh, 51.68364, 8.72194
Fastned DE-Pilsting, 48.691977, 12.673389
Fastned DE-Plech, 49.66416, 11.47072
Fastned DE-Schmidgaden, 49.43777, 12.05351
Fastned DE-Uffenheim-Langensteinach, 49.50991, 10.19602 
Fastned DE-Wittenburg, 53.50764, 11.09686
Fastned DE-Wittstock, 53.15744, 12.45124
Fastned NL-Aalscholver, 52.436005, 5.424898
Fastned NL-Akermaat, 52.498623, 4.698793
Fastned NL-Bloemheuvel, 52.049890, 5.461548
Fastned NL-Bospoort, 52.16278, 4.55405
Fastned NL-Bovenboer, 52.752832, 6.186554
Fastned NL-De Beerze, 51.324273, 5.223084
Fastned NL-De Hackerlaar, 52.322064, 5.084425
Fastned NL-De Knoest, 52.014226, 5.122142
Fastned NL-De Kroon, 52.016089, 5.120814
Fastned NL-De Slenk, 52.007451, 5.812322
Fastned NL-De Watering, 52.442250, 4.854528
Fastned NL-Den Hoek, 51.662581, 4.678008
Fastned NL-Den Ruygen Hoek-Oost, 52.258294, 4.686117
Fastned NL-Den Ruygen Hoek-West, 52.261416, 4.686326
Fastned NL-Eigenblok,  51.849157, 5.191428
Fastned NL-Fustweg, 52.385156, 4.661724
Fastned NL-GelreDome, 51.964668, 5.89232
Fastned NL-Hazeldonk-Oost, 51.497862, 4.743228
Fastned NL-Hazeldonk-West, 51.500096, 4.740994
Fastned NL-Hendriksbos, 52.363044, 5.767970
Fastned NL-Her Goor, 51.321341, 5.219179
Fastned NL-Het Gevlocht, 51.404412, 5.810961
Fastned NL-Hoezaar, 51.54884, 4.529072
Fastned NL-Hoge Kwel, 52.857402, 5.021431
Fastned NL-Honswijck, 52.320129, 5.077844
Fastned NL-Jutphaas, 52.017667,5.068278
Fastned NL-Labbegat, 51.69393, 5.01359
Fastned NL-Laerd, 53.051399, 5.553802
Fastned NL-Lemsterhop, 52.818501, 5.742350
Fastned NL-Lepelaar, 52.432869, 5.422989
Fastned NL-Mastpolder, 51.547724, 4.530389
Fastned NL-Molenkamp,  51.84753, 5.19078
Fastned NL-Ooiendonk, 51.556297, 5.361872
Fastned NL-Oudenhorst, 52.051171, 5.464007
Fastned NL-Palmpol, 52.162998, 5.536445
Fastned NL-Portland, 51.862667, 4.459778
Fastned NL-Prinses Máximaplein, 52.055171, 4.391199
Fastned NL-Ravensewetering, 52.049847, 5.122276
Fastned NL-Sandelingen-Oost, 51.834753, 4.620995
Fastned NL-Selnisse, 51.498750, 3.772270
Fastned NL-Stadionweg, 51.896540, 4.539005
Fastned NL-Tafelbergweg, 52.292076, 4.945501
Fastned NL-Velder, 51.559136, 5.356800
Fastned NL-Vliedberg, 51.484310, 3.850840
Fastned NL-Vrijenban, 51.983412, 4.392855
Fastned NL-Wellerzand, 52.784360, 5.759275
Fastned NL-Willemsbos, 52.360573, 5.766818
Fastned-NL Swentibold, 51.010590, 5.800570

Iberdrola ES-Huelva, 37.306245, -6.87322

IKEA DE-Berlin-Spandau, 52.528313, 13.21686
IKEA DE-Berlin-Tempelhof, 52.469887, 13.367944, 20
IKEA DE-Berlin-Waltersdorf, 52.367137, 13.557252
IKEA DE-Dortmund, 51.491557, 7.371048
IKEA DE-Erfurt, 50.95872, 10.948097
IKEA DE-Frankfurt am Main, 50.196023, 8.654631
IKEA DE-Fürth, 49.484779, 11.008938
IKEA DE-Hoffheim am Taunus, 50.057362, 8.371885
IKEA DE-Kaarst, 51.210824, 6.639237
IKEA DE-Karlsruhe, 49.00518, 8.441285, 20
IKEA DE-München-Brunnthal, 48.040515, 11.65732
IKEA DE-Leuna, 51.348073, 12.181915
IKEA DE-Oldenburg, 53.139408, 8.256087
IKEA DE-Sindelfinden, 48.701416, 9.005396
IKEA DE-Regensburg, 49.001518, 12.177472
IKEA DE-Wetzlar, 50.568262, 8.498073
IKEA DE-Würzburg, 49.821812, 9.982398

Ionity AT-Angath Nord, 47.519215, 12.065526
Ionity AT-Eisentratten, 46.919943, 13.579276
Ionity AT-Golling, 47.584781, 13.157939
Ionity AT-Göttlesbrunn, 48.056232, 16.711973
Ionity AT-Grafenstein, 46.639636, 14.451389
Ionity AT-Hochleithen, 48.425298, 16.547783
Ionity AT-Hohenems, 47.366163, 9.659167
Ionity AT-Innerbraz, 47.140914, 9.924473
Ionity AT-Kaiserwald, 46.959244, 15.382045
Ionity AT-Klösterle, 47.129066, 10.060559
Ionity AT-Mondsee, 47.836599, 13.395919
Ionity AT-Nassereith, 47.327313, 10.819309
Ionity AT-Pinkafeld, 47.373952, 16.093842
Ionity AT-St. Valentin, 48.196397, 14.52822, 8
Ionity AT-Steinhäusl, 48.157839, 15.940398
Ionity BE-Bierset, 50.651848, 5.473755
Ionity BE-Froyennes North, 50.619572, 3.338944
Ionity BE-Froyennes South, 50.619058, 3.341152
Ionity BE-Le Roeulx / Thieu North, 50.491028, 4.095774
Ionity BE-Le Roeulx / Thieu South, 50.487429, 4.096217
Ionity BE-Tignee, 50.655355, 5.710963
Ionity BE-Veurne, 51.064410, 2.673611
Ionity BE-Wetteren Noord, 50.970743, 3.844233
Ionity BE-Wetteren Zuid, 50.969463, 3.841574
Ionity CH-Bellinzona Nord, 46.209502, 9.026603
Ionity CH-Bellinzona Süd, 46.182242, 9.001796
Ionity CH-Gotthard Nord, 46.847886, 8.633197
Ionity CH-Gotthard Süd, 46.846522, 8.632302
Ionity CH-Grauholz, 46.990174, 7.475976
Ionity CH-Heidiland, 47.011751, 9.512371
Ionity CH-Kemptthal, 47.449367, 8.700137
Ionity CH-Lully, 46.832458, 6.859379
Ionity CH-Martigny, 46.127822, 7.059829
Ionity CH-Neuenkirch, 47.113372, 8.232328
Ionity CZ-Beroun (dir. Prague), 49.95581, 14.062759
Ionity CZ-Lovosice, 50.511752, 14.052646
Ionity CZ-Nupaky, 49.984404, 14.602629
Ionity CZ-Pávov (dir. Brno), 49.453814, 15.591480
Ionity CZ-Pávov (dir. Prague), 49.455104, 15.593272
Ionity DE-Aachener Land Nord, 50.817668, 6.213854
Ionity DE-Aachener Land Süd, 50.817306, 6.216629
Ionity DE-Aalbek West, 54.092671, 9.92914
Ionity DE-Altenburger Land Nord, 50.860662, 12.307977
Ionity DE-Altenburger Land Süd, 50.85675, 12.3132
Ionity DE-Am Fichtenplan Nord, 52.318183, 13.494709
Ionity DE-Am Fichtenplan Süd, 52.315620, 13.494702
Ionity DE-Auetal Nord, 52.223703, 9.221469
Ionity DE-Auetal Süd, 52.226977, 9.232545
Ionity DE-Augsburg Ost, 48.411614, 10.914898
Ionity DE-Bad Camberg West, 50.299926, 8.234700
Ionity DE-Bad Honnef, 50.647664, 7.334521
Ionity DE-Bayerischer Wald Nord, 48.931751, 12.708247
Ionity DE-Bayerischer Wald Süd, 48.931044, 12.705416
Ionity DE-Bochum, 51.474082, 7.151429
Ionity DE-Brohltal Ost, 50.440471, 7.225629
Ionity DE-Brohltal West, 50.441534, 7.223985
Ionity DE-Brokenlande Ost, 54.014217, 9.93325
Ionity DE-Bruchsal Ost, 49.162694, 8.570788
Ionity DE-Bruchsal West, 49.16125, 8.567226
Ionity DE-Buddikate Ost, 53.694396, 10.324738
Ionity DE-Buddikate West, 53.692558, 10.320428
Ionity DE-Dammer Berge Ost, 52.539229, 8.114598
Ionity DE-Dammer Berge West, 52.540755, 8.112701
Ionity DE-Demminer Land, 53.855673, 13.333344
Ionity DE-Denkendorf Nord, 48.693667, 9.303297
Ionity DE-Donautal Ost, 48.588065, 13.366667
Ionity DE-Donautal West, 48.589422, 13.365369
Ionity DE-Dresdner Tor Nord, 51.063214, 13.571071
Ionity DE-Dresdner Tor Süd, 51.060227, 13.571959
Ionity DE-Dollenberg Ost, 50.688524, 8.295916
Ionity DE-Eichenzell, 50.488366, 9.708621, 8
Ionity DE-Eifel Ost, 50.070186, 6.880905
Ionity DE-Eifel West, 50.068492, 6.880212
Ionity DE-e-Mobility-Station Wolfsburg, 52.416656, 10.783389
Ionity DE-Frankenhöhe Nord, 49.242629, 10.352944
Ionity DE-Frankenhöhe Süd, 49.241155, 10.356121
Ionity DE-Goldbach Nord, 53.000606, 9.179514
Ionity DE-Goldbach Süd, 52.998531, 9.181213
Ionity DE-Gruibingen Süd, 48.605321, 9.632807
Ionity DE-Haidt Nord, 49.780852, 10.244797
Ionity DE-Haidt Süd, 49.779352, 10.246493
Ionity DE-Hamminkeln, 51.739103, 6.595180
Ionity DE-Harz Ost, 51.926279, 10.143238
Ionity DE-Harz West, 51.928028, 10.141730
Ionity DE-Himmelkron, 50.055972, 11.609148
Ionity DE-Hohenlohe Nord, 49.207007, 9.639273
Ionity DE-Hohenlohe Süd, 49.205379, 9.639696
Ionity DE-Hohenwarsleben, 52.173898, 11.49512, 11
Ionity DE-Holzheim, 48.381890, 10.086035
Ionity DE-Holzkirchen Nord, 47.892208, 11.731279
Ionity DE-Holzkirchen Süd, 47.906573, 11.717379
Ionity DE-Illertissen, 48.219137, 10.127765
Ionity DE-Katzenfurt Süd, 50.620347, 8.362918
Ionity DE-Kirchheim (Tal), 50.833837, 9.570775
Ionity DE-Köschinger Forst Ost, 48.836599, 11.472234
Ionity DE-Köschinger Forst West, 48.837085, 11.469313
Ionity DE-Lechwiesen Nord, 48.059266, 10.846791
Ionity DE-Lechwiesen Süd, 48.058328, 10.847694
Ionity DE-Lehrter See Nord, 52.388762, 9.99631
Ionity DE-Lehrter See Süd, 52.386433, 9.998919
Ionity DE-Lichtendorf Nord, 51.468319, 7.594014
Ionity DE-Lichtendorf Süd, 51.467751, 7.596959
Ionity DE-Lippetal, 51.695845, 7.966201
Ionity DE-Lonetal Ost, 48.584246, 10.178939, 10
Ionity DE-Lonetal West, 48.583937, 10.175605, 10
Ionity DE-Lüneburger Heide Ost, 53.110044, 9.984058
Ionity DE-Lüneburger Heide West, 53.109317, 9.981663
Ionity DE-Lutterberg, 51.370342, 9.633558, 8
Ionity DE-Mahlberg Ost, 48.308819, 7.791519
Ionity DE-Mahlberg West, 48.309517, 7.788855
Ionity DE-Nahetal, 49.92578, 7.936795
Ionity DE-Neckarburg Ost, 48.206218, 8.627155
Ionity DE-Neckarburg West, 48.20593, 8.621045
Ionity DE-Nempitz, 51.290114,12.137547, 6
Ionity DE-Nempitz, 51.290159,12.1376, 6
Ionity DE-Neumarkt, 49.312948, 11.474745, 20
Ionity DE-Ohligser Heide Ost, 51.156807, 6.964803
Ionity DE-Ohligser Heide West, 51.1579, 6.961815
Ionity DE-Ohrenbach Ost, 49.485555, 10.213267
Ionity DE-Ohrenbach West, 49.484491, 10.211978
Ionity DE-Ostetal Nord, 53.299981, 9.532557
Ionity DE-Ostetal Süd, 53.299087, 9.53517
Ionity DE-Pilsting, 48.692530, 12.672979
Ionity DE-Reinhardshain Nord, 50.622937, 8.894846
Ionity DE-Reinhardshain Süd, 50.622096, 8.897196
Ionity DE-Remscheid Ost, 51.158407, 7.230332
Ionity DE-Riedener Wald Ost, 49.944184, 10.019955
Ionity DE-Riedener Wald West, 49.945693, 10.016739
Ionity DE-Salzbergen, 52.326149, 7.430067
Ionity DE-Samerberg Nord, 47.802835, 12.178503
Ionity DE-Samerberg Süd, 47.801229, 12.177198
Ionity DE-Sangerhausen, 51.450971, 11.305148
Ionity DE-Schwabhausen, 50.898384, 10.725625
Ionity DE-Spessart Nord, 49.898302, 9.394346
Ionity DE-Thüringer Wald Nord, 50.726454, 10.841634
Ionity DE-Thüringer Wald Süd, 50.724708, 10.847168
Ionity DE-Weiskirchen Süd, 50.054708, 8.908177
Ionity DE-Wernberg-Köblitz, 49.532356, 12.134910, 3
Ionity DE-Wolfsburg Allerpark, 52.437710, 10.809069
Ionity DE-Wolfsburg Detmeroder Markt, 52.392241, 10.753713
Ionity DE-Wolfsburg Forum AutoVision, 52.424872, 10.745689
Ionity DE-Wunnenstein Ost, 49.045334, 9.266223
Ionity DE-Wunnenstein West, 49.044276, 9.261639
Ionity DK-Aabenraa, 55.065192, 9.366167
Ionity DK-Fredericia, 55.53682, 9.7169
Ionity DK-Greve, 55.58492, 12.258
Ionity DK-Nørager, 56.78302, 9.69481
Ionity DK-Nyborg, 55.30933, 10.80495
Ionity DK-Skanderborg, 56.06861, 9.97816
Ionity DK-Vordingborg, 54.99774, 12.0007
Ionity ES-Ariza Norte, 41.31261, -2.00133
Ionity ES-Ariza Sur, 41.311642, -2.002738
Ionity ES-Campo de las Naciones, 40.458398, -3.616092
Ionity ES-Casabermeja, 36.8982555, -4.4298849
Ionity ES-El Hidalgo, 38.824574, -3.396857
Ionity ES-Imarcoain, 42.732379, -1.618726
Ionity ES-Martin de Yeltes, 40.769662, -6.286721
Ionity ES-Merida, 38.933955, -6.343053
Ionity ES-Milagros, 41.593947, -3.698254
Ionity ES-O Corgo Norte, 42.965803, -7.454554
Ionity ES-O Corgo Sur, 42.964918, -7.457615
Ionity ES-Trigueros Norte, 37.334097, -6.789422
Ionity ES-Trigueros Sur, 37.331672, -6.802211
Ionity ES-Palleja, 41.420526, 2.00216
Ionity ES-Pola de Lena, 43.182391, -5.811289
Ionity ES-Puerto Lumbreras, 37.575694, -1.800833
Ionity ES-Vila Sana, 41.643444, 0.931306
Ionity FI-Karisto, 60.9835, 25.73731
Ionity FI-Paimio, 60.42587, 22.724
Ionity FI-Tiiriö, 61.00769, 24.42201
Ionity FR-Aire de Darvault, 48.264072, 2.722024
Ionity FR-Agen, 44.171306, 0.609660
Ionity FR-Arclusaz, 45.548541, 6.158058
Ionity FR-Baie de Somme, 50.16723, 1.755877
Ionity FR-Blois Ménars, 47.664023, 1.387813
Ionity FR-Blois Villerbon, 47.665885, 1.387757
Ionity FR-Bois Guillerot, 47.030917, 5.10791
Ionity FR-Boismandé Est, 46.314271, 1.419247
Ionity FR-Boismandé Ouest, 46.313348, 1.416566
Ionity FR-Bonneville, 46.064687, 6.409478
Ionity FR-Bréguières Nord, 43.59197, 7.036228
Ionity FR-Cambarette Nord, 43.423464, 5.993311
Ionity FR-Centre de la France Nord, 46.751937, 2.417075
Ionity FR-Centre de la France Sud, 46.751623, 2.417606
Ionity FR-Chartres Bois Paris, 48.467, 1.579341
Ionity FR-Chartres Gasville, 48.468541, 1.580005
Ionity FR-Fontaine Colette, 47.16577, 0.63161
Ionity FR-Fontanelles, 45.876536, 6.070678
Ionity FR-Freney, 45.197124, 6.624119
Ionity FR-Garonne, 43.3348, 1.245
Ionity FR-Gevrey-Chambertin Est, 47.223166, 5.010984
Ionity FR-Glanon, 47.032073, 5.109707
Ionity FR-Gueux, 49.244484, 3.923935
Ionity FR-Hauconcourt, 49.215116, 6.171845
Ionity FR-Haut Koenigsbourg, 48.231920, 7.402639
Ionity FR-Jardin des arbres, 47.852405, 2.684731
Ionity FR-Jura, 46.774589, 5.523009
Ionity FR-l'Isle-d'Abeau, 45.611787, 5.212795
Ionity FR-Kergoët, 48.273976, -2.187471
Ionity FR-La Ferté-Bernard, 48.126596, 0.623330
Ionity FR-La Garde, 44.870544, 3.253033
Ionity FR-La Réserve, 47.974493, 3.197267
Ionity FR-Labenne Est, 43.586191, -1.419585
Ionity FR-Labenne Ouest, 43.586073, -1.420776
Ionity FR-Lacq Audéjos Nord, 43.418629, -0.584799
Ionity FR-Lacq Audéjos Sud, 43.421850, -0.598593
Ionity FR-Langres Noidant, 47.813347, 5.22459
Ionity FR-Langres Perrogney, 47.815184, 5.223172
Ionity FR-Larzac, 43.985279, 3.183078
Ionity FR-Lochères, 47.30968, 4.501811
Ionity FR-Longué la Couaille, 47.4189, -0.1343
Ionity FR-Longué-les-Cossonnières, 47.4186, -0.1315
Ionity FR-Lyon-Dagneux Sud, 45.843868, 5.070508
Ionity FR-Macon Saint-Albain, 46.420537, 4.865333
Ionity FR-Mayenne, 48.095180, -0.693474
Ionity FR-Mionnay Chatanay, 45.889238, 4.893502
Ionity FR-Mionnay Saint Galmier, 45.885078, 4.894234
Ionity FR-Montbartier, 43.915744, 1.309462
Ionity FR-Montelimar Est, 44.513818, 4.781396
Ionity FR-Montelimar Ouest, 44.5149, 4.78
Ionity FR-Morières, 43.922931, 4.912040
Ionity FR-Mouxy, 45.673865, 5.929976
Ionity FR-Nemours, 48.262403, 2.722228
Ionity FR-Parcé sur Sarthe Nord, 47.8077, -0.1659
Ionity FR-Parcé sur Sarthe Sud, 47.802, -0.1699
Ionity FR-Pech Montat Est, 45.030878, 1.525098
Ionity FR-Pech Montat Ouest, 45.030881, 1.524313
Ionity FR-Poitiers Chincé, 46.701811, 0.371062
Ionity FR-Poitiers Jaunay-Clan, 46.704579, 0.371265
Ionity FR-Portes d'Angers (Sud), 47.50047, -0.49057
Ionity FR-Rely, 50.573089, 2.377188
Ionity FR-Saint Léger Est, 45.610095, -0.598651
Ionity FR-Saint-Rambert Ouest, 45.275563, 4.825571
Ionity FR-Saugon Ouest, 45.188934, -0.492422
Ionity FR-Taponas, 46.134416, 4.766841
Ionity FR-Tavel Nord, 44.004071, 4.703626
Ionity FR-Tavel Sud, 43.999633, 4.700191
Ionity FR-Tours La Longue Vue, 47.47574, 0.77685
Ionity FR-Val Gelon, 45.547331, 6.154824
Ionity FR-Vendée, 46.573538, -1.118014
Ionity FR-Veyre, 45.660128, 3.153525
Ionity FR-Vidauban Sud, 43.413842, 6.451935
Ionity FR-Villaines la Gonais, 48.125475, 0.622302
Ionity FR-Village Catalan Est, 42.578429, 2.846994
Ionity FR-Village Catalan Ouest, 42.577784, 2.848341
Ionity FR-Volvestre, 43.3368, 1.2449
Ionity FR-Vrigny, 49.242989, 3.919106
Ionity HR-Sop, 45.78376, 16.150672
Ionity HU-Bábolna (dir. Budapest), 47.680553, 17.976528
Ionity HU-Balatonkeresztúr (dir. Budapest), 46.68356, 17.37848
Ionity HU-Balatonkeresztúr (dir. Zagreb), 46.685063, 17.37977
Ionity HU-Kajászó (dir. Balaton), 47.307602, 18.744217
Ionity HU-Szigetszentmiklós, 47.380371, 19.055785
Ionity EE-Häädemeeste, 58.07469, 24.51278
Ionity EE-Märjamaa, 58.92126, 24.45761
Ionity IE-Athlone, 53.400721, -7.827948
Ionity IE-Cashel, 52.50884, -7.87441
Ionity IE-Citynorth, 53.6376, -6.25894
Ionity IE-Gorey, 52.750691, -6.202153
Ionity IE-Kill North, 53.2482657, -6.5964347
Ionity IE-Kill South, 53.253234, -6.5698138
Ionity IT-Agira, 37.57169, 14.4797
Ionity IT-Binasco, 45.33552, 9.10753
Ionity IT-Brenner, 47.00627, 11.50668
Ionity IT-Brugnato Ovest, 44.22647, 9.72971
Ionity IT-Carpi, 44.77544, 10.86072
Ionity IT-Ceriale Sud, 44.08777, 8.20626
Ionity IT-Forli, 44.24289, 12.08182
Ionity IT-Battipaglia, 40.6147, 14.96799
Ionity IT-Monselice, 45.2374, 11.76287
Ionity IT-Montecchio Maggiore, 45.50105, 11.43627
Ionity IT-Piacenza, 45.02694, 9.73478
Ionity IT-Portogruaro, 45.79725, 12.81914
Ionity IT-Potenza, 40.63193, 15.81358
Ionity IT-Rinovo Nord, 43.9592, 8.13416
Ionity IT-Trento, 46.08704, 11.1111
Ionity IT-Valdichiana Outlet Village, 43.22381, 11.80217
Ionity IT-Versilia Est, 43.9292, 10.22384
Ionity IT-Versilia Ovest, 43.92911, 10.22261
Ionity IT-Via Ernesto Basile. Palermo, 38.09959, 13.34651
Ionity LT-Aplinkkelis, 55.67309, 24.33591 
Ionity LT-Garliava, 54.81854, 23.85809
Ionity LT-Kryžkalnis, 55.48423, 22.58733
Ionity NL-Apeldoorn-Zuid, 52.1791, 5.984281
Ionity NL-Best, 51.503064, 5.414372
Ionity NL-Bodegraven, 52.066539, 4.738413
Ionity NL-De Knoest, 52.014675, 5.12222
Ionity NL-De Kroon, 52.014276, 5.119229
Ionity NL-Mienscheer, 53.161647, 6.292686
Ionity NL-Oosterhout, 51.6269, 4.8701, 10
Ionity NL-Overbroek, 51.921616, 5.603749
Ionity NL-Sandeligen West, 51.834832, 4.618082
Ionity NL-Sevenum, 51.38008, 5.985541
Ionity NL-Tolnegen Noord, 52.184387, 5.670553
Ionity NO-Alvdal, 62.11837, 10.61407
Ionity NO-Aspøya, 63.01096, 7.97538
Ionity NO-Aurland, 60.89896, 7.2108
Ionity NO-Bagn, 60.82244, 9.55347
Ionity NO-Bergen, 60.48457, 5.37679
Ionity NO-Dal, 60.25416, 11.18202
Ionity NO-Dombås, 62.07428, 9.12514
Ionity NO-Elverum, 60.88007, 11.55093
Ionity NO-Gol, 60.70205, 8.94337
Ionity NO-Høydalsmo, 59.49497, 8.2027
Ionity NO-Kjerlingland, 58.23655, 8.29948
Ionity NO-Klett, 63.324643, 10.306073
Ionity NO-Leirvik, 59.77503, 5.48611
Ionity NO-Lura, 58.87322, 5.72126
Ionity NO-Øyer, 61.24266, 10.4335
Ionity NO-Ringdalskogen, 59.11234, 10.11033
Ionity NO-Røldal, 59.83325, 6.81375
Ionity NO-Rygge, 59.3871, 10.75119
Ionity NO-Sira, 58.40599, 6.62316
Ionity NO-Skei, 61.57475, 6.48347
Ionity NO-Vik, 60.083312, 10.287055
Ionity PL-Kaszewy Kóscielne (Kutno), 52.219064, 19.461939
Ionity PT-Almodovar L, 37.536329, -8.182924
Ionity PT-Almodovar O, 37.535858, -8.184742
Ionity SE-Enköping, 59.65339, 17.08324
Ionity SE-Gräna, 58.00147, 14.45086
Ionity SE-Hudiksvall, 61.74251, 17.07861
Ionity SE-Helsingborg, 56.01699, 12.75934
Ionity SE-Karlskrona, 56.20688, 15.64293
Ionity SE-Karlstad, 59.38093, 13.46529
Ionity SE-Kristianstad, 56.02307, 14.17307
Ionity SE-Malmø, 55.5562, 12.95218
Ionity SE-Mantorp, 58.37214, 15.2948
Ionity SE-Mariestad, 58.68492, 13.84544
Ionity SE-Norrkøping, 58.57675, 16.1812
Ionity SE-Örebro, 59.27509, 15.17753
Ionity SE-Oskarshamn, 57.2513, 16.44875
Ionity SE-Södertälje, 59.17525, 17.64293
Ionity SE-Spekerød, 58.0244, 11.84746
Ionity SE-Strømstad, 58.91483, 11.26034
Ionity SE-Sundsvall, 62.33874, 17.3538
Ionity SE-Ulricehamn, 57.81289, 13.41947
Ionity SE-Uppsala, 47.16577, 0.63161
Ionity SE-Varberg, 57.168, 12.2774
Ionity SE-Värnamo, 57.1645, 14.07578
Ionity SE-Ytterån, 63.31709, 14.1692
Ionity SI-Dobrenje Vzhod (dir. Graz), 46.606361, 15.663762
Ionity SI-Dobrenje Zahod (dir. Maribour), 46.609599, 15.661929
Ionity SI-Ilirska Bistrica, 45.55925, 14.244183
Ionity SI-Koper, 45.540178, 13.726839
Ionity SI-Smednik, 45.907702, 15.3708
Ionity SK-Senec, 48.240666, 17.360754
Ionity UK-Baldock, 52.013772, -0.203003
Ionity UK-Beaconsfield, 51.587934, -0.629065
Ionity UK-Blackburn, 53.713494, -2.477038
Ionity UK-Cambridge, 52.26907, -0.00901
Ionity UK-Channel Gateway, 51.094411, 1.046777
Ionity UK-Chippenham, 51.513848, -2.109768
Ionity UK-Cobham, 51.305255, -0.406730
Ionity UK-Cullompton, 50.863745, -3.38449
Ionity UK-Gretna Green, 55.00796, -3.08265
Ionity UK-Leeds Skelton Lakes, 53.77046, -1.47691
Ionity UK-Maidstone, 51.26566, 0.61576
Ionity UK-Milton Keynes, 52.05561, -0.6987
Ionity UK-Perth, 56.419402, -3.463082
Ionity UK-Peterborough, 52.532663, -0.32065
Ionity UK-Polmadie, 55.837232, -4.242494

Innogy CZ-Praha Limuzská, 50.079548, 14.509048
Innogy CZ-Praha Dřevčická, 50.080402, 14.510758
Innogy DE-Berlin Avus, 52.501775, 13.277211
Innogy DE-Bielefeld Green Station Sieker, 52.005329, 8.559438
Innogy DE-Cloerbruch Nord, 51.237662, 6.513529
Innogy DE-Cloerbruch Süd, 51.236686, 6.510928
Innogy DE-Dannstadt-Schauernheim, 49.410297, 8.339979
Innogy DE-Duisburg, 51.484186, 6.763764
Innogy DE-Fürholzen West, 48.33747, 11.6081
Innogy DE-Hunsrück Ost, 49.963783, 7.768701
Innogy DE-Königsforst Ost, 50.899387, 7.152103, 7
Innogy DE-Münsterland West, 51.945622, 7.547827
Innogy DE-Münsterland OSt, 51.942185, 7.551096
Innogy DE-Neuss Esso Tankstelle, 51.199058, 6.711012
Innogy DE-Ruraue West, 50.929795, 6.337327
Innogy DE-Soltau, 52.98422, 9.838614
Innogy DE-Spreyer, 49.303853, 8.448678
Innogy DE-Tornesch Pendlerparkplatz, 53.718479, 9.759092, 15
Innogy DE-Treuen, 50.549113, 12.286336

Familia DE-Hamburg, 53.608366, 10.044162
Familia DE-Osterholz-Scharmbeck, 53.232695, 8.754733
Familia DE-Reihenfeld, 53.822247, 10.502483
Familia DE-Tarp, 54.669585, 9.395309
Familia DE-Quickborn, 53.743005, 9.940652

Fortum NO-Alta, 69.966743, 23.268569
Fortum NO-Bøde Esso Rønvik, 67.293538, 14.407496
Fortum NO-Sortland, 68.704914, 15.414759

Grønn Kontakt NO-Leknes, 68.14874, 13.612729
Grønn Kontakt NO-Stryn Extra Markt, 61.902547, 6.715027

Kaufland CZ-Praha,50.092464, 14.499563
Kaufland DE-Aachen, 50.769387, 6.058244
Kaufland DE-Aschaffenburg, 49.968144, 9.165434
Kaufland DE-Berlin Grünhofer Weg, 52.533887, 13.188849
Kaufland DE-Berlin Gutschmidtstraße, 52.436452, 13.447838
Kaufland DE-Berlin Ollenhauerstraße, 52.567428, 13.328217
Kaufland DE-Berlin Markthalle Alexanderplatz, 52.522205,13.407149
Kaufland DE-Berlin Residenzstraße, 52.558806, 13.372718
Kaufland DE-Berlin Rummelsburgerstr., 52.499526,13.496195
Kaufland DE-Berlin Prenzlauer Berg, 52.533964, 13.457147
Kaufland DE-Berlin Tempelhof,52.468372,13.377201,20
Kaufland DE-Baden-Baden, 48.782543, 8.20803, 20
Kaufland DE-Bad Friedrichshall, 49.230394, 9.21173
Kaufland DE-Bad Rappenau, 49.2362, 9.096765, 60
Kaufland DE-Dortmund Bornstr., 51.528575, 7.470953
Kaufland DE-Dortmund Luisenglück, 51.477365, 7.432908
Kaufland DE-Erfurt, 50.955663, 11.069766
Kaufland DE-Essen, 51.473618, 6.999701
Kaufland DE-Essen-Borbeck, 51.473133, 6.952699
Kaufland DE-Erding, 48.305332, 11.881886
Kaufland DE-Erlangen, 49.593323, 11.026181
Kaufland DE-Eppingen, 49.137519, 8.915462
Kaufland DE-Fellbach, 48.813484, 9.266494
Kaufland DE-Frankfurt, 50.132218, 8.749362
Kaufland DE-Fredersdorf-Vogelsdorf, 52.497356, 13.744505
Kaufland DE-Giengen an der Brenz, 48.621067, 10.250653
Kaufland DE-Göppingen, 48.704563, 9.647031
Kaufland DE-Gröbenzell, 48.186468, 11.38609
Kaufland DE-Heilbronn, 49.12452, 9.223451
Kaufland DE-Hattingen, 51.397722, 7.182943
Kaufland DE-Kaufbeuren, 47.884276, 10.636879
Kaufland DE-Leipzig, 51.33711, 12.336445
Kaufland DE-Lichtenfels, 50.137785, 11.074773
Kaufland DE-Leonberg, 48.797085, 9.006616
Kaufland DE-Marbach am Neckar, 48.943393, 9.266666
Kaufland DE-Meerane, 50.835734, 12.449844
Kaufland DE-Mitweida, 50.99454, 12.96435
Kaufland DE-Mönchengladbach, 51.182896, 6.411377
Kaufland DE-Monheim, 51.087347, 6.889933
Kaufland DE-Münchberg, 50.190847, 11.783391
Kaufland DE-Oberasbach, 49.435136, 10.967694
Kaufland DE-Offenburg, 48.470007, 7.925176
Kaufland DE-Pforzheim, 48.886253, 8.668658
Kaufland DE-Pfungstadt, 49.813881, 8.619769
Kaufland DE-Ravensburg, 47.767777, 9.604267
Kaufland DE-Radebeul, 51.09958, 13.6543
Kaufland DE-Sangerhausen, 51.470027, 11.294025
Kaufland DE-Sankt Ingbert, 49.281439, 7.10554
Kaufland DE-Schwaigern, 49.13824, 9.064656
Kaufland DE-Schwetzingen, 49.38544, 8.577604
Kaufland DE-Sindelfingen, 48.704964, 9.017844
Kaufland DE-Steinheim an der Murr, 48.970356, 9.267212
Kaufland DE-Stuttgart, 48.840477, 9.229187
Kaufland DE-Troisdorf, 50.813239, 7.1557
Kaufland DE-Tübingen, 48.514286, 9.066617
Kaufland DE-Uhingen, 48.714102, 9.56216
Kaufland DE-Velbert, 51.335796, 7.049863
Kaufland DE-Weißenburg i.Bay, 49.0271, 10.9853, 60
Kaufland DE-Weimar, 50.96384, 11.311157
Kaufland DE-Weiterstadt, 49.902437, 8.608824
Kaufland DE-Wendelstein, 49.334844, 11.114895
Kaufland DE-Witten, 51.439311, 7.329356
Kaufland RO-Brasov, 45.658141, 25.588721
Kaufland RO-Bucuresti, 44.431985, 26.005614
Kaufland RO-Craiova, 44.300888, 23.796626
Kaufland RO-Deva, 45.873371, 22.919387
Kaufland RO-Pitești, 44.842275, 24.87965
Kaufland RO-Sebes, 45.961182, 23.551254
Kaufland RO-Sibiu, 45.793864, 24.133525
Kaufland RO-Timisoara, 45.764274, 21.245244

Lidl AT-Ansfelden, 48.214815, 14.276056
Lidl AT-Gemeinde Mistelbach, 48.562883, 16.577442
Lidl AT-Gleisdorf, 47.111567, 15.708227
Lidl AT-Gmunden, 47.929019, 13.788997
Lidl AT-Graz, 47.099401, 15.417457
Lidl AT-Klagenfurt, 46.614056, 14.339549
Lidl AT-Linz, 48.25415, 14.282992
Lidl AT-St. Pölten, 48.205618, 15.638888
Lidl AT-Hall in Tirol, 47.277601, 11.495474
Lidl AT-Wien Davidgasse, 48.173558, 16.366361
Lidl AT-Wien Laxenburgerstr., 48.163719, 16.36824
Lidl AT-Wien Quadenstr., 48.237596, 16.478042
Lidl CH-Allendorf, 47.193323, 8.818533
Lidl CH-Böckten, 47.462469, 7.838388
Lidl CH-Dübendorf, 47.395056, 8.638741
Lidl CH-Einsideln, 47.138634, 8.745218
Lidl CH-Schlieren, 47.399469, 8.432234
Lidl CH-Volketswil, 47.379012, 8.67739
Lidl CH-Wädenswil, 47.236483, 8.635798
Lidl CH-Winterthur, 47.486514, 8.70397
Lidl DE-Aschaffenburg Spessartstr., 49.965614, 9.154857
Lidl DE-Berlin Buckower Damm, 52.426346, 13.435003
Lidl DE-Berlin Einbecker Straße, 52.509057, 13.50636
Lidl DE-Berlin Gervinusstraße, 52.503379, 13.300403
Lidl DE-Berlin Nonnendammallee, 52.539659, 13.232845
Lidl DE-Berlin Sonnenallee, 52.475563, 13.451759
Lidl DE-Berlin Steglitzer Damm, 52.449291, 13.354343
Lidl DE-Berlin Quickborner Straße, 52.603467, 13.367476
Lidl DE-Berlin Vorarlberger Damm, 52.470054, 13.349763
Lidl DE-Frankfurt Niederrad, 50.084076, 8.629857
Lidl DE-Heilbronn, 49.152479, 9.222602
Lidl DE-Herne, 51.524427, 7.18621
Lidl DE-Hoppegarten, 52.540585, 13.63869
Lidl DE-Huerth, 50.89371, 6.903387
Lidl DE-Regensburg Donauersrt., 49.025227, 12.150028
Lidl DE-Sassenberg, 51.981949, 8.036272
Lidl DE-Limbach-Oberfrohna, 50.854838, 12.77829
Lidl DE-Mönchengladbach, 51.16474, 6.460774
Lidl DE-München Landsbergerstr., 48.144648, 11.489481
Lidl FI-Vantaa, 60.261581, 24.87252

REWE DE-Bremen, 53.136455, 8.739926

ShellRecharge DE-Berg, 50.372, 11.787795

Smatrics AT-Feldkirchen bei Graz, 47.009115, 15.44097, 20

TEAG DE-Amt Wachsenburg, 50.888332, 10.935136
TEAG DE-Schleiz Autohof, 50.551565, 11.789977

AT Eugendorf Center, 47.860013,13.126857,20
AT Salburg Gasthaus Fuxn, 47.809708,13.056066,10
AT Salzburg Mooncity, 47.808874,13.055885,20
AT Wien Billa Brünner Straße, 48.267452, 16.402954

CH Baden ABB Research, 47.458503, 8.278454
CH Moosseedorf Shoppyland, 47.017507, 7.492498
CH Raststätte A4 My Stop Nord, 47.2714,8.439115, 7
CH Raststääte A4 My Stop Süd, 47.27173, 8.437637, 6
CH Winterthur Squash Center Auwiesen, 47.483192, 8.70537
CH Zürich ABB Oerlikon, 47.411564, 8.54106

CZ Praha Cinestar, 50.070897, 14.401644
CZ Praha Siemens, 50.04811, 14.306508

DE Aachen Quellenhof, 50.781109, 6.090785
DE Asbach-Bäumenheim Rastpark, 48.67384, 10.825147
DE Aurich EEZ, 53.496286, 7.494351 
DE Aurich McDonnald's, 53.471027, 7.46725
DE Bad Segeberg EWS-Servicecenter, 53.937808, 10.306605
DE Berlin Burger King Tempelhof, 52.480339, 13.38459
DE Berlin Burger King Nahmitzer Damm, 52.409047, 13.370429
DE Berlin Landesvertretung Niedersachsen, 52.512375, 13.377664
DE Berlin Südkreuz, 52.475697, 13.364082
DE Berlin VW Franklinstr., 52.519344, 13.326864
DE Bertelsdorf Mediamarkt, 50.287221, 10.985319
DE Bitterfeld-Wolfen envia, 51.624576, 12.307812
DE Bochum Ruhrpark, 51.494065, 7.28446
DE Bremen Konsul-Smidt-Straße, 53.089439, 8.778173
DE Brunnthal Hofoldinger Fors, 47.997213, 11.675992, 5
DE Burgdorf Burger King, 52.45928, 9.992822
DE Chemnitz HEOS Solar-Carport, 50.802484, 12.852011
DE Dresden Volkswagen Gläserne Manufaktur, 51.043755, 13.754082
DE Frankenthal ATU, 49.545836, 8.352769
DE Freising Audi Training Center, 48.356508, 11.770911
DE Friedberg, 48.406472, 10.952051
DE Friedberg McDonalds's, 48.4073, 10.9524
DE Garbsen Nord, 52.422338, 9.554441
DE Garbsen Süd,  52.421211, 9.565703
DE Garching Parking 19, 48.251597, 11.63772
DE Germering Hagebaumarkt, 48.141285, 11.371643
DE Gerstetten Netto, 48.58969, 10.128094
DE Hamburg Audi Wichert, 53.548799, 10.036493
DE Hamburg Deichstr., 53.545081, 9.986616
DE Hannover A2 Center, 52.42332, 9.835401
DE Hannover-Lahe, 52.419121, 9.832369, 20
DE Hannover Finca & Bar Celona, 52.414286, 9.642024, 20
DE Hannover PZH IFA Uni, 52.426875, 9.618212
DE Hannover Volkswagen Kahle, 52.417529, 9.634326
DE Ingolstadt Audi Forum, 48.783595, 11.413007
DE Jengen Shell Tankstelle, 48.003415, 10.721634
DE Karlsruhe BFT/EFA Tankstelle, 48.999479, 8.428314
DE Kirchen (Sieg) Bahnhof, 50.806224, 7.880647
DE Köln Leonardo Hotel, 50.926801, 6.904346
DE Leipzig Porsche Kundenzentrum, 51.407016, 12.296726, 30
DE Malsfeld Autohof, 51.086861, 9.485483, 5
DE Mölln Baumarkt Werkers Welt, 53.622883, 10.682333
DE Mölln VW Riemer, 53.623707, 10.678989
DE Neuwied SWN, 50.431649, 7.457607
DE Norden WBZ Parkplatz, 53.595065, 7.207816
DE Offenbach Honda, 50.08437, 8.839102
DE Offenburg Shell Tankstelle, 48.464972, 7.931808
DE Oldenburg Media Markt, 53.161348, 8.172719
DE Passau Media Markt, 48.574479, 13.414943
DE Paderborn Westfalen Weser Netz, 51.725959, 8.756923, 5
DE Rheydt New AG, 51.157497, 6.448055
DE Ritterhude HEM, 53.185475,8.706381
DE Roth Autohaus, 49.245669, 11.119321
DE Pforzen LEW Ladestation, 47.933544, 10.607971
DE Schafstritt Nord, 52.257481, 9.306448
DE Schönefeld Total, 52.370738, 13.526929
DE Sandersdorf-Brehna The Style Outlets, 51.555325, 12.192875
DE Stuttgart Flughafen P12, 48.691895, 9.195894
DE Wetzlar Leica, 50.553084, 8.533377
DE Worms EWR AG, 49.630936, 8.356603
ES Gandia, 38.969986, -0.178789